,volume_fraction_al2o3,volume_fraction_zro2,chord_length_mean_al2o3,chord_length_mean_zro2,chord_length_variance_al2o3,chord_length_variance_zro2,interface_al2o3_al2o3,interface_al2o3_zro2,interface_zro2_zro2,thermal_conductivity_composite,thermal_conductivity_al2o3,thermal_conductivity_zro2,temperature,data_source_Al2O3,rve,tcc,RVE_scaling_factor
rve_000/sim_0/results__thermal_conductivity.json,0.70597,0.29403,1.4074999999999998e-05,1.2288e-05,6.4776e-06,5.865e-06,0.47776,0.39649,0.12576,18.608012,33.525106813241564,2.9587838342665,25,Jahm,rve_000,377000000.0,2.3e-06
rve_001/sim_0/results__thermal_conductivity.json,0.18174,0.81826,8.2161e-06,1.2128e-05,4.418899999999999e-06,5.779799999999999e-06,0.0563,0.3832,0.5605,5.05958423,33.525106813241564,2.9587838342665,25,Jahm,rve_001,377000000.0,2.3e-06
rve_002/sim_0/results__thermal_conductivity.json,0.44455,0.55545,9.6117e-06,1.14e-05,4.598499999999999e-06,5.4632e-06,0.26098,0.44911,0.28991,10.242447,33.525106813241564,2.9587838342665,25,Jahm,rve_002,377000000.0,2.3e-06
rve_003/sim_0/results__thermal_conductivity.json,0.94452,0.055477,1.3058999999999998e-05,6.254599999999999e-06,6.9466e-06,4.8639e-06,0.79153,0.19845,0.010023,27.6733776,33.525106813241564,2.9587838342665,25,Jahm,rve_003,377000000.0,2.3e-06
rve_004/sim_0/results__thermal_conductivity.json,0.80268,0.19732,2.2641999999999998e-05,9.220299999999999e-06,1.1378999999999999e-05,6.2537e-06,0.41109,0.42433,0.16458,21.5577988,33.525106813241564,2.9587838342665,25,Jahm,rve_004,377000000.0,2.3e-06
rve_005/sim_0/results__thermal_conductivity.json,0.33444,0.66556,9.1041e-06,1.7088e-05,4.996699999999999e-06,7.9577e-06,0.24462,0.47793,0.27745,8.18918127,33.525106813241564,2.9587838342665,25,Jahm,rve_005,377000000.0,2.3e-06
rve_006/sim_0/results__thermal_conductivity.json,0.31982,0.68018,1.1932e-05,1.5946999999999998e-05,6.246699999999999e-06,7.6364e-06,0.14378,0.48668,0.36955,7.80842195,33.525106813241564,2.9587838342665,25,Jahm,rve_006,377000000.0,2.3e-06
rve_007/sim_0/results__thermal_conductivity.json,0.1678,0.8322,1.9187999999999997e-05,1.1993999999999999e-05,8.1757e-06,5.8737999999999996e-06,0.011719,0.20052,0.78776,4.68153357,33.525106813241564,2.9587838342665,25,Jahm,rve_007,377000000.0,2.3e-06
rve_009/sim_0/results__thermal_conductivity.json,0.16993,0.83007,6.7059e-06,1.4086999999999999e-05,4.4177999999999994e-06,6.9064e-06,0.11031,0.38185,0.50784,5.15155148,33.525106813241564,2.9587838342665,25,Jahm,rve_009,377000000.0,2.3e-06
rve_010/sim_0/results__thermal_conductivity.json,0.24388,0.75612,7.7035e-06,1.3696999999999998e-05,4.171999999999999e-06,6.460499999999999e-06,0.13844,0.45163,0.40993,6.08497568,33.525106813241564,2.9587838342665,25,Jahm,rve_010,377000000.0,2.3e-06
rve_011/sim_0/results__thermal_conductivity.json,0.54821,0.45179,1.1092e-05,1.1394999999999998e-05,5.3158e-06,5.2948000000000005e-06,0.33212,0.44541,0.22248,13.0354528,33.525106813241564,2.9587838342665,25,Jahm,rve_011,377000000.0,2.3e-06
rve_012/sim_0/results__thermal_conductivity.json,0.55237,0.44763,2.4786e-05,1.0471999999999999e-05,1.1584e-05,6.037499999999999e-06,0.1462,0.38988,0.46392,13.1881225,33.525106813241564,2.9587838342665,25,Jahm,rve_012,377000000.0,2.3e-06
rve_013/sim_0/results__thermal_conductivity.json,0.23128,0.76872,6.993199999999999e-06,2.2733e-05,4.389199999999999e-06,1.0862e-05,0.2766,0.43708,0.28632,6.43345556,33.525106813241564,2.9587838342665,25,Jahm,rve_013,377000000.0,2.3e-06
rve_014/sim_0/results__thermal_conductivity.json,0.41251,0.58749,8.932199999999999e-06,2.511e-05,5.3943e-06,1.1934e-05,0.46491,0.39766,0.13743,10.6899539,33.525106813241564,2.9587838342665,25,Jahm,rve_014,377000000.0,2.3e-06
rve_015/sim_0/results__thermal_conductivity.json,0.34359,0.65641,1.7379e-05,9.408799999999999e-06,7.5937e-06,4.7823e-06,0.06797,0.30689,0.62514,7.95254555,33.525106813241564,2.9587838342665,25,Jahm,rve_015,377000000.0,2.3e-06
rve_016/sim_0/results__thermal_conductivity.json,0.35853,0.64147,2.0754999999999997e-05,1.1432e-05,8.8009e-06,5.6127e-06,0.043792,0.38248,0.57373,8.04877336,33.525106813241564,2.9587838342665,25,Jahm,rve_016,377000000.0,2.3e-06
rve_017/sim_0/results__thermal_conductivity.json,0.43552,0.56448,1.3375e-05,1.5818e-05,6.6831e-06,7.6375e-06,0.26498,0.42623,0.30879,10.0939817,33.525106813241564,2.9587838342665,25,Jahm,rve_017,377000000.0,2.3e-06
rve_018/sim_0/results__thermal_conductivity.json,0.17331,0.82669,1.4157999999999999e-05,1.1627e-05,6.3506e-06,5.5433e-06,0.011966,0.27302,0.71502,4.6893846,33.525106813241564,2.9587838342665,25,Jahm,rve_018,377000000.0,2.3e-06
rve_019/sim_0/results__thermal_conductivity.json,0.81343,0.18657,1.3787e-05,6.7712e-06,6.7345e-06,4.338899999999999e-06,0.48871,0.38918,0.12212,22.1072938,33.525106813241564,2.9587838342665,25,Jahm,rve_019,377000000.0,2.3e-06
rve_020/sim_0/results__thermal_conductivity.json,0.47204,0.52796,1.1069999999999999e-05,1.0136e-05,5.062899999999999e-06,4.8851e-06,0.1948,0.51203,0.29317,11.1230167,33.525106813241564,2.9587838342665,25,Jahm,rve_020,377000000.0,2.3e-06
rve_022/sim_0/results__thermal_conductivity.json,0.86456,0.13544,1.2417e-05,7.0198999999999995e-06,5.9474e-06,3.841e-06,0.61034,0.34301,0.04665,24.0628019,33.525106813241564,2.9587838342665,25,Jahm,rve_022,377000000.0,2.3e-06
rve_023/sim_0/results__thermal_conductivity.json,0.83126,0.16874,1.0773e-05,1.5949999999999998e-05,5.2685000000000005e-06,7.0475e-06,0.77597,0.2064,0.017625,23.0946788,33.525106813241564,2.9587838342665,25,Jahm,rve_023,377000000.0,2.3e-06
rve_024/sim_0/results__thermal_conductivity.json,0.2576,0.7424,1.1224999999999998e-05,1.2553e-05,5.302399999999999e-06,5.7389e-06,0.084511,0.39058,0.52491,6.15449344,33.525106813241564,2.9587838342665,25,Jahm,rve_024,377000000.0,2.3e-06
rve_025/sim_0/results__thermal_conductivity.json,0.86499,0.13501,1.2633e-05,6.3148999999999995e-06,6.305599999999999e-06,4.118699999999999e-06,0.59524,0.33477,0.069989,23.910253,33.525106813241564,2.9587838342665,25,Jahm,rve_025,377000000.0,2.3e-06
rve_026/sim_0/results__thermal_conductivity.json,0.029408,0.97059,5.9627e-06,1.2635999999999999e-05,3.3138999999999997e-06,6.0187e-06,0.0072193,0.10555,0.88723,3.19761292,33.525106813241564,2.9587838342665,25,Jahm,rve_026,377000000.0,2.3e-06
rve_027/sim_0/results__thermal_conductivity.json,0.26944,0.73056,1.3928e-05,1.1579e-05,6.1523e-06,5.6247e-06,0.046621,0.37099,0.58239,6.43664849,33.525106813241564,2.9587838342665,25,Jahm,rve_027,377000000.0,2.3e-06
rve_028/sim_0/results__thermal_conductivity.json,0.89053,0.10947,1.2185e-05,2.4036e-05,5.908699999999999e-06,1.0260999999999999e-05,0.8826,0.1174,,25.7756146,33.525106813241564,2.9587838342665,25,Jahm,rve_028,377000000.0,2.3e-06
rve_029/sim_0/results__thermal_conductivity.json,0.31002,0.68998,9.0904e-06,1.4402999999999999e-05,4.7279e-06,7.0029e-06,0.16059,0.50831,0.3311,7.30396117,33.525106813241564,2.9587838342665,25,Jahm,rve_029,377000000.0,2.3e-06
rve_030/sim_0/results__thermal_conductivity.json,0.4089,0.5911,1.3864e-05,9.5474e-06,6.3061e-06,4.590799999999999e-06,0.10859,0.42679,0.46462,9.07065777,33.525106813241564,2.9587838342665,25,Jahm,rve_030,377000000.0,2.3e-06
rve_032/sim_0/results__thermal_conductivity.json,0.85595,0.14405,1.5196999999999999e-05,1.3276999999999998e-05,7.3551e-06,6.8444999999999994e-06,0.69019,0.29558,0.014234,24.7707624,33.525106813241564,2.9587838342665,25,Jahm,rve_032,377000000.0,2.3e-06
rve_033/sim_0/results__thermal_conductivity.json,0.26635,0.73365,1.4869999999999998e-05,1.3231999999999998e-05,6.9875e-06,6.0618999999999995e-06,0.060732,0.36495,0.57432,5.80400321,33.525106813241564,2.9587838342665,25,Jahm,rve_033,377000000.0,2.3e-06
rve_034/sim_0/results__thermal_conductivity.json,0.87665,0.12335,1.3680999999999998e-05,8.471799999999999e-06,6.681799999999999e-06,4.9051e-06,0.66399,0.30443,0.031582,24.9318618,33.525106813241564,2.9587838342665,25,Jahm,rve_034,377000000.0,2.3e-06
rve_036/sim_0/results__thermal_conductivity.json,0.37632,0.62368,7.8089e-06,1.6054e-05,4.3615000000000005e-06,7.8262e-06,0.33466,0.44045,0.22489,9.38920508,33.525106813241564,2.9587838342665,25,Jahm,rve_036,377000000.0,2.3e-06
rve_037/sim_0/results__thermal_conductivity.json,0.88875,0.11125,1.4445e-05,8.990099999999999e-06,6.8894e-06,4.7083e-06,0.69356,0.27863,0.027808,25.6157565,33.525106813241564,2.9587838342665,25,Jahm,rve_037,377000000.0,2.3e-06
rve_038/sim_0/results__thermal_conductivity.json,0.74706,0.25294,1.5752e-05,1.3916e-05,7.382599999999999e-06,7.219e-06,0.51349,0.41612,0.070388,20.1518326,33.525106813241564,2.9587838342665,25,Jahm,rve_038,377000000.0,2.3e-06
rve_040/sim_0/results__thermal_conductivity.json,0.13411,0.86589,5.4020999999999995e-06,1.8669e-05,3.3607999999999997e-06,9.0817e-06,0.11639,0.46268,0.42093,4.69595306,33.525106813241564,2.9587838342665,25,Jahm,rve_040,377000000.0,2.3e-06
rve_041/sim_0/results__thermal_conductivity.json,0.096313,0.90369,2.3279e-05,1.1676e-05,9.5505e-06,5.5919e-06,,0.10182,0.89818,3.66674957,33.525106813241564,2.9587838342665,25,Jahm,rve_041,377000000.0,2.3e-06
rve_044/sim_0/results__thermal_conductivity.json,0.67709,0.32291,1.4333e-05,1.157e-05,6.8435e-06,5.554199999999999e-06,0.39026,0.47361,0.13613,17.2152048,33.525106813241564,2.9587838342665,25,Jahm,rve_044,377000000.0,2.3e-06
rve_045/sim_0/results__thermal_conductivity.json,0.47737,0.52263,2.2004999999999997e-05,8.8648e-06,1.0259e-05,4.9788e-06,0.091711,0.35223,0.55606,10.4225444,33.525106813241564,2.9587838342665,25,Jahm,rve_045,377000000.0,2.3e-06
rve_046/sim_0/results__thermal_conductivity.json,0.47948,0.52052,1.3772e-05,1.2137e-05,6.5484e-06,6.0072e-06,0.21445,0.46819,0.31736,11.254939,33.525106813241564,2.9587838342665,25,Jahm,rve_046,377000000.0,2.3e-06
rve_047/sim_0/results__thermal_conductivity.json,0.15299,0.84701,9.191599999999999e-06,1.098e-05,4.472999999999999e-06,5.195e-06,0.040356,0.27251,0.68713,4.55323805,33.525106813241564,2.9587838342665,25,Jahm,rve_047,377000000.0,2.3e-06
rve_048/sim_0/results__thermal_conductivity.json,0.1769,0.8231,7.5815999999999995e-06,1.2444e-05,3.8877999999999994e-06,5.8862e-06,0.075227,0.37318,0.55159,5.05599799,33.525106813241564,2.9587838342665,25,Jahm,rve_048,377000000.0,2.3e-06
rve_050/sim_0/results__thermal_conductivity.json,0.2854,0.7146,8.500299999999999e-06,1.2298999999999999e-05,4.2165999999999996e-06,5.8906e-06,0.16482,0.3976,0.43758,6.74604067,33.525106813241564,2.9587838342665,25,Jahm,rve_050,377000000.0,2.3e-06
rve_051/sim_0/results__thermal_conductivity.json,0.69528,0.30472,1.6254e-05,1.0478999999999999e-05,7.8743e-06,5.4745e-06,0.37581,0.4401,0.18408,17.9233236,33.525106813241564,2.9587838342665,25,Jahm,rve_051,377000000.0,2.3e-06
rve_052/sim_0/results__thermal_conductivity.json,0.62156,0.37844,1.0862e-05,1.0007999999999998e-05,5.0789e-06,4.7919e-06,0.35239,0.50139,0.14622,15.108074,33.525106813241564,2.9587838342665,25,Jahm,rve_052,377000000.0,2.3e-06
rve_053/sim_0/results__thermal_conductivity.json,0.49894,0.50106,1.014e-05,1.8514e-05,5.3361e-06,8.4098e-06,0.40464,0.48119,0.11416,12.3689402,33.525106813241564,2.9587838342665,25,Jahm,rve_053,377000000.0,2.3e-06
rve_054/sim_0/results__thermal_conductivity.json,0.87234,0.12766,1.1106e-05,1.4455e-05,5.2483e-06,6.4039e-06,0.80931,0.17974,0.010943,24.5729152,33.525106813241564,2.9587838342665,25,Jahm,rve_054,377000000.0,2.3e-06
rve_056/sim_0/results__thermal_conductivity.json,0.65138,0.34862,1.3952999999999998e-05,1.0045999999999998e-05,6.439899999999999e-06,5.1016e-06,0.34309,0.46312,0.1938,16.3437287,33.525106813241564,2.9587838342665,25,Jahm,rve_056,377000000.0,2.3e-06
rve_057/sim_0/results__thermal_conductivity.json,0.34875,0.65125,1.533e-05,1.4645e-05,7.0235e-06,7.107499999999999e-06,0.11743,0.44189,0.44068,7.92441547,33.525106813241564,2.9587838342665,25,Jahm,rve_057,377000000.0,2.3e-06
rve_058/sim_0/results__thermal_conductivity.json,0.5742,0.4258,1.7721e-05,1.0949999999999998e-05,8.5586e-06,5.7754e-06,0.2016,0.50828,0.29012,13.8112012,33.525106813241564,2.9587838342665,25,Jahm,rve_058,377000000.0,2.3e-06
rve_060/sim_0/results__thermal_conductivity.json,0.14726,0.85274,8.7872e-06,1.6413e-05,4.8909e-06,7.7505e-06,0.059189,0.37112,0.5697,4.63066542,33.525106813241564,2.9587838342665,25,Jahm,rve_060,377000000.0,2.3e-06
rve_061/sim_0/results__thermal_conductivity.json,0.19485,0.80515,8.7e-06,1.4455999999999998e-05,4.7765e-06,7.0495e-06,0.073399,0.43103,0.49558,5.50348212,33.525106813241564,2.9587838342665,25,Jahm,rve_061,377000000.0,2.3e-06
rve_062/sim_0/results__thermal_conductivity.json,0.1597,0.8403,1.1958e-05,1.1483999999999999e-05,5.779799999999999e-06,5.4555e-06,0.018575,0.27275,0.70868,4.61028405,33.525106813241564,2.9587838342665,25,Jahm,rve_062,377000000.0,2.3e-06
rve_063/sim_0/results__thermal_conductivity.json,0.88918,0.11082,1.3965e-05,7.421599999999999e-06,6.8315e-06,4.3507e-06,0.64846,0.32358,0.027958,25.3290184,33.525106813241564,2.9587838342665,25,Jahm,rve_063,377000000.0,2.3e-06
rve_064/sim_0/results__thermal_conductivity.json,0.77437,0.22563,1.4251e-05,1.5215e-05,6.7527e-06,7.204799999999999e-06,0.60647,0.36,0.033529,21.6223783,33.525106813241564,2.9587838342665,25,Jahm,rve_064,377000000.0,2.3e-06
rve_066/sim_0/results__thermal_conductivity.json,0.69168,0.30832,1.3759e-05,2.3148e-05,6.6627e-06,1.0213999999999999e-05,0.61452,0.35253,0.032949,19.2216109,33.525106813241564,2.9587838342665,25,Jahm,rve_066,377000000.0,2.3e-06
rve_072/sim_0/results__thermal_conductivity.json,0.56501,0.43499,2.2170999999999998e-05,9.0292e-06,1.0018e-05,5.135799999999999e-06,0.094751,0.50276,0.40249,12.8259574,33.525106813241564,2.9587838342665,25,Jahm,rve_072,377000000.0,2.3e-06
rve_074/sim_0/results__thermal_conductivity.json,0.75708,0.24292,3.4804999999999996e-05,8.8351e-06,1.6861e-05,5.8989e-06,0.19389,0.4799,0.32621,20.7321579,33.525106813241564,2.9587838342665,25,Jahm,rve_074,377000000.0,2.3e-06
rve_075/sim_0/results__thermal_conductivity.json,0.23991,0.76009,1.3974e-05,1.009e-05,6.395199999999999e-06,4.8029e-06,0.041593,0.29093,0.66747,5.76964331,33.525106813241564,2.9587838342665,25,Jahm,rve_075,377000000.0,2.3e-06
rve_076/sim_0/results__thermal_conductivity.json,0.21348,0.78652,8.5321e-06,1.1483999999999999e-05,4.3588e-06,5.438699999999999e-06,0.087685,0.35944,0.55287,5.55895699,33.525106813241564,2.9587838342665,25,Jahm,rve_076,377000000.0,2.3e-06
rve_077/sim_0/results__thermal_conductivity.json,0.57925,0.42075,2.8228999999999997e-05,8.0675e-06,1.258e-05,4.7430999999999995e-06,0.08317,0.39877,0.51806,12.2739171,33.525106813241564,2.9587838342665,25,Jahm,rve_077,377000000.0,2.3e-06
rve_078/sim_0/results__thermal_conductivity.json,0.091839,0.90816,9.3897e-06,1.2446999999999998e-05,4.6131e-06,5.964699999999999e-06,0.011799,0.21485,0.77335,3.78522669,33.525106813241564,2.9587838342665,25,Jahm,rve_078,377000000.0,2.3e-06
rve_079/sim_0/results__thermal_conductivity.json,0.47871,0.52129,1.2034e-05,1.0874e-05,5.522899999999999e-06,5.105e-06,0.20088,0.50847,0.29065,11.1105961,33.525106813241564,2.9587838342665,25,Jahm,rve_079,377000000.0,2.3e-06
rve_080/sim_0/results__thermal_conductivity.json,0.86962,0.13038,1.2577999999999999e-05,1.2097e-05,6.018799999999999e-06,5.8003999999999996e-06,0.74822,0.23473,0.017057,24.8024292,33.525106813241564,2.9587838342665,25,Jahm,rve_080,377000000.0,2.3e-06
rve_081/sim_0/results__thermal_conductivity.json,0.78236,0.21764,1.0167999999999998e-05,1.2189e-05,4.8280999999999996e-06,5.4891e-06,0.65873,0.30479,0.036489,20.9717821,33.525106813241564,2.9587838342665,25,Jahm,rve_081,377000000.0,2.3e-06
rve_083/sim_0/results__thermal_conductivity.json,0.3786,0.6214,1.2404999999999999e-05,1.271e-05,5.6283e-06,5.7646e-06,0.15322,0.46067,0.38611,8.95778427,33.525106813241564,2.9587838342665,25,Jahm,rve_083,377000000.0,2.3e-06
rve_084/sim_0/results__thermal_conductivity.json,0.79159,0.20841,1.1407e-05,8.539799999999999e-06,5.624399999999999e-06,4.5263e-06,0.54315,0.39072,0.066132,21.2133061,33.525106813241564,2.9587838342665,25,Jahm,rve_084,377000000.0,2.3e-06
rve_085/sim_0/results__thermal_conductivity.json,0.43266,0.56734,1.0787999999999999e-05,1.5167999999999998e-05,5.392299999999999e-06,7.1405e-06,0.27139,0.49239,0.23622,10.1669919,33.525106813241564,2.9587838342665,25,Jahm,rve_085,377000000.0,2.3e-06
rve_086/sim_0/results__thermal_conductivity.json,0.49004,0.50996,1.2854e-05,1.717e-05,6.4366e-06,8.158699999999999e-06,0.31263,0.49745,0.18992,11.7975177,33.525106813241564,2.9587838342665,25,Jahm,rve_086,377000000.0,2.3e-06
rve_087/sim_0/results__thermal_conductivity.json,0.12839,0.87161,6.9194999999999996e-06,1.1689e-05,3.6881e-06,5.4705e-06,0.034973,0.32656,0.63847,4.36814554,33.525106813241564,2.9587838342665,25,Jahm,rve_087,377000000.0,2.3e-06
rve_088/sim_0/results__thermal_conductivity.json,0.53074,0.46926,1.0118e-05,1.1367e-05,4.8144e-06,5.232e-06,0.32364,0.47102,0.20534,12.6500416,33.525106813241564,2.9587838342665,25,Jahm,rve_088,377000000.0,2.3e-06
rve_090/sim_0/results__thermal_conductivity.json,0.50794,0.49206,9.0753e-06,1.7777999999999998e-05,4.800099999999999e-06,8.0803e-06,0.45499,0.42725,0.11776,12.8384123,33.525106813241564,2.9587838342665,25,Jahm,rve_090,377000000.0,2.3e-06
rve_091/sim_0/results__thermal_conductivity.json,0.3149,0.6851,1.0031e-05,1.1109e-05,4.7754e-06,5.1986e-06,0.11325,0.44775,0.439,7.43586522,33.525106813241564,2.9587838342665,25,Jahm,rve_091,377000000.0,2.3e-06
rve_092/sim_0/results__thermal_conductivity.json,0.31844,0.68156,1.1849e-05,1.4256e-05,5.8302e-06,6.7747e-06,0.13539,0.44947,0.41515,7.5009034,33.525106813241564,2.9587838342665,25,Jahm,rve_092,377000000.0,2.3e-06
rve_093/sim_0/results__thermal_conductivity.json,0.74901,0.25099,1.1599999999999999e-05,9.3564e-06,5.3209999999999995e-06,4.4359999999999995e-06,0.49933,0.41077,0.089898,19.8782205,33.525106813241564,2.9587838342665,25,Jahm,rve_093,377000000.0,2.3e-06
rve_094/sim_0/results__thermal_conductivity.json,0.12276,0.87724,7.769999999999998e-06,1.5698e-05,4.510799999999999e-06,7.419999999999999e-06,0.049688,0.34015,0.61016,4.31166957,33.525106813241564,2.9587838342665,25,Jahm,rve_094,377000000.0,2.3e-06
rve_095/sim_0/results__thermal_conductivity.json,0.50307,0.49693,2.1454999999999997e-05,9.8788e-06,9.514900000000001e-06,5.2826e-06,0.10022,0.43733,0.46245,11.0024711,33.525106813241564,2.9587838342665,25,Jahm,rve_095,377000000.0,2.3e-06
rve_098/sim_0/results__thermal_conductivity.json,0.11579,0.88421,7.3234e-06,1.5792e-05,4.7480999999999995e-06,7.8488e-06,0.048767,0.3408,0.61043,4.2422182,33.525106813241564,2.9587838342665,25,Jahm,rve_098,377000000.0,2.3e-06
rve_100/sim_0/results__thermal_conductivity.json,0.173,0.827,6.6752999999999994e-06,3.5415e-05,4.4073e-06,1.7376e-05,0.29872,0.46007,0.24121,5.33144341,33.525106813241564,2.9587838342665,25,Jahm,rve_100,377000000.0,2.3e-06
rve_101/sim_0/results__thermal_conductivity.json,0.29065,0.70935,7.6663e-06,1.3756e-05,4.024e-06,6.2762e-06,0.19564,0.45853,0.34583,7.33897393,33.525106813241564,2.9587838342665,25,Jahm,rve_101,377000000.0,2.3e-06
rve_102/sim_0/results__thermal_conductivity.json,0.2722,0.7278,1.2862e-05,1.4608999999999999e-05,6.0727e-06,6.8438e-06,0.099169,0.39839,0.50244,6.57654288,33.525106813241564,2.9587838342665,25,Jahm,rve_102,377000000.0,2.3e-06
rve_103/sim_0/results__thermal_conductivity.json,0.81409,0.18591,1.1393000000000001e-05,1.7508e-05,5.4870999999999995e-06,8.017e-06,0.75911,0.22404,0.016853,22.7238047,33.525106813241564,2.9587838342665,25,Jahm,rve_103,377000000.0,2.3e-06
rve_104/sim_0/results__thermal_conductivity.json,0.19319,0.80681,2.838e-05,1.3823e-05,1.2872e-05,7.0194e-06,,0.20849,0.79151,4.56580595,33.525106813241564,2.9587838342665,25,Jahm,rve_104,377000000.0,2.3e-06
rve_105/sim_0/results__thermal_conductivity.json,0.36172,0.63828,1.4313999999999999e-05,1.0438e-05,6.2041000000000005e-06,5.165199999999999e-06,0.08402,0.41516,0.50082,8.18639276,33.525106813241564,2.9587838342665,25,Jahm,rve_105,377000000.0,2.3e-06
rve_106/sim_0/results__thermal_conductivity.json,0.80179,0.19821,2.019e-05,6.8166999999999995e-06,9.9184e-06,4.207499999999999e-06,0.37859,0.39752,0.2239,22.1697348,33.525106813241564,2.9587838342665,25,Jahm,rve_106,377000000.0,2.3e-06
rve_107/sim_0/results__thermal_conductivity.json,0.25551,0.74449,1.6737e-05,1.2488e-05,7.9635e-06,6.1992e-06,0.046998,0.31296,0.64004,6.15419524,33.525106813241564,2.9587838342665,25,Jahm,rve_107,377000000.0,2.3e-06
rve_108/sim_0/results__thermal_conductivity.json,0.40285,0.59715,1.0365e-05,1.9550999999999996e-05,5.7868e-06,9.0896e-06,0.35122,0.41689,0.2319,10.146695,33.525106813241564,2.9587838342665,25,Jahm,rve_108,377000000.0,2.3e-06
rve_110/sim_0/results__thermal_conductivity.json,0.52211,0.47789,1.1750999999999998e-05,1.1581e-05,5.4722e-06,5.5198999999999994e-06,0.27279,0.49288,0.23433,12.9411038,33.525106813241564,2.9587838342665,25,Jahm,rve_110,377000000.0,2.3e-06
rve_112/sim_0/results__thermal_conductivity.json,0.84307,0.15693,1.5582e-05,1.2101e-05,7.9309e-06,6.3823e-06,0.66383,0.28762,0.048544,24.1857178,33.525106813241564,2.9587838342665,25,Jahm,rve_112,377000000.0,2.3e-06
rve_113/sim_0/results__thermal_conductivity.json,0.68026,0.31974,1.1717999999999999e-05,1.0207e-05,5.5735e-06,4.8110999999999996e-06,0.43387,0.43205,0.13408,17.5066483,33.525106813241564,2.9587838342665,25,Jahm,rve_113,377000000.0,2.3e-06
rve_115/sim_0/results__thermal_conductivity.json,0.25731,0.74269,1.4458e-05,1.5016e-05,7.0182e-06,7.348499999999999e-06,0.066243,0.39988,0.53388,5.78040828,33.525106813241564,2.9587838342665,25,Jahm,rve_115,377000000.0,2.3e-06
rve_116/sim_0/results__thermal_conductivity.json,0.72921,0.27079,1.5232e-05,1.0726e-05,7.606499999999999e-06,5.5644e-06,0.45938,0.39065,0.14997,19.0588423,33.525106813241564,2.9587838342665,25,Jahm,rve_116,377000000.0,2.3e-06
rve_117/sim_0/results__thermal_conductivity.json,0.70782,0.29218,1.6394e-05,1.1254e-05,7.896999999999999e-06,6.03e-06,0.37662,0.49941,0.12397,18.7072756,33.525106813241564,2.9587838342665,25,Jahm,rve_117,377000000.0,2.3e-06
rve_118/sim_0/results__thermal_conductivity.json,0.36178,0.63822,1.213e-05,1.2795999999999999e-05,5.6048999999999995e-06,5.66e-06,0.16007,0.42328,0.41665,8.20937597,33.525106813241564,2.9587838342665,25,Jahm,rve_118,377000000.0,2.3e-06
rve_119/sim_0/results__thermal_conductivity.json,0.88496,0.11504,1.6119e-05,7.7576e-06,8.1282e-06,5.0268e-06,0.64945,0.27729,0.073263,25.2796033,33.525106813241564,2.9587838342665,25,Jahm,rve_119,377000000.0,2.3e-06
rve_120/sim_0/results__thermal_conductivity.json,0.54245,0.45755,1.3253e-05,1.6085e-05,6.5068999999999995e-06,7.575999999999999e-06,0.34721,0.48563,0.16716,13.2872184,33.525106813241564,2.9587838342665,25,Jahm,rve_120,377000000.0,2.3e-06
rve_121/sim_0/results__thermal_conductivity.json,0.41734,0.58266,8.774599999999999e-06,1.9013000000000002e-05,4.7223e-06,8.5419e-06,0.35685,0.5013,0.14185,10.4927677,33.525106813241564,2.9587838342665,25,Jahm,rve_121,377000000.0,2.3e-06
rve_122/sim_0/results__thermal_conductivity.json,0.31707,0.68293,7.6309e-06,1.8012e-05,4.3543e-06,8.4087e-06,0.27385,0.49436,0.23179,7.88989091,33.525106813241564,2.9587838342665,25,Jahm,rve_122,377000000.0,2.3e-06
rve_123/sim_0/results__thermal_conductivity.json,0.14085,0.85915,6.8674e-06,1.281e-05,4.2426e-06,6.341899999999999e-06,0.080686,0.3144,0.60492,4.58339173,33.525106813241564,2.9587838342665,25,Jahm,rve_123,377000000.0,2.3e-06
rve_125/sim_0/results__thermal_conductivity.json,0.18291,0.81709,1.7139e-05,1.2882e-05,8.1977e-06,6.1668e-06,0.0024712,0.28336,0.71417,4.77887943,33.525106813241564,2.9587838342665,25,Jahm,rve_125,377000000.0,2.3e-06
rve_126/sim_0/results__thermal_conductivity.json,0.67846,0.32154,1.2986e-05,8.6055e-06,6.277799999999999e-06,4.4871e-06,0.35823,0.44904,0.19274,16.8147305,33.525106813241564,2.9587838342665,25,Jahm,rve_126,377000000.0,2.3e-06
rve_127/sim_0/results__thermal_conductivity.json,0.58894,0.41106,2.9024999999999997e-05,8.3926e-06,1.2587e-05,4.7954e-06,0.10182,0.38087,0.51731,12.9715273,33.525106813241564,2.9587838342665,25,Jahm,rve_127,377000000.0,2.3e-06
rve_128/sim_0/results__thermal_conductivity.json,0.034176,0.96582,7.3144e-06,1.1089999999999999e-05,4.4355e-06,5.439e-06,0.0013304,0.098891,0.89978,3.25336619,33.525106813241564,2.9587838342665,25,Jahm,rve_128,377000000.0,2.3e-06
rve_129/sim_0/results__thermal_conductivity.json,0.38326,0.61674,1.193e-05,1.2199e-05,5.6283e-06,5.645299999999999e-06,0.16339,0.45177,0.38484,8.43007843,33.525106813241564,2.9587838342665,25,Jahm,rve_129,377000000.0,2.3e-06
rve_130/sim_0/results__thermal_conductivity.json,0.73614,0.26386,1.1057e-05,1.1651999999999998e-05,5.142e-06,5.572799999999999e-06,0.54778,0.3927,0.059521,19.5257262,33.525106813241564,2.9587838342665,25,Jahm,rve_130,377000000.0,2.3e-06
rve_131/sim_0/results__thermal_conductivity.json,0.48161,0.51839,8.986299999999999e-06,1.7023e-05,4.797799999999999e-06,7.8753e-06,0.40412,0.46634,0.12954,11.8269182,33.525106813241564,2.9587838342665,25,Jahm,rve_131,377000000.0,2.3e-06
rve_133/sim_0/results__thermal_conductivity.json,0.35431,0.64569,2.0396e-05,1.3452e-05,9.0126e-06,6.690299999999999e-06,0.069116,0.39477,0.53611,7.72878992,33.525106813241564,2.9587838342665,25,Jahm,rve_133,377000000.0,2.3e-06
rve_134/sim_0/results__thermal_conductivity.json,0.62412,0.37588,1.2590999999999999e-05,1.4096999999999999e-05,5.9531e-06,6.6333e-06,0.41954,0.4617,0.11876,15.9326562,33.525106813241564,2.9587838342665,25,Jahm,rve_134,377000000.0,2.3e-06
rve_135/sim_0/results__thermal_conductivity.json,0.72238,0.27762,2.1882e-05,8.048500000000001e-06,9.9764e-06,4.9268e-06,0.26313,0.45444,0.28244,19.1152372,33.525106813241564,2.9587838342665,25,Jahm,rve_135,377000000.0,2.3e-06
rve_136/sim_0/results__thermal_conductivity.json,0.73426,0.26574,1.1589999999999999e-05,1.8903e-05,5.7348e-06,7.9328e-06,0.65572,0.32536,0.018922,20.1712649,33.525106813241564,2.9587838342665,25,Jahm,rve_136,377000000.0,2.3e-06
rve_137/sim_0/results__thermal_conductivity.json,0.38324,0.61676,7.5052e-06,2.2132e-05,4.3832e-06,1.0759999999999999e-05,0.45251,0.39125,0.15624,9.63034536,33.525106813241564,2.9587838342665,25,Jahm,rve_137,377000000.0,2.3e-06
rve_138/sim_0/results__thermal_conductivity.json,0.78808,0.21192,1.0469e-05,1.9101e-05,5.157e-06,7.8098e-06,0.75212,0.23798,0.0098963,21.7925453,33.525106813241564,2.9587838342665,25,Jahm,rve_138,377000000.0,2.3e-06
rve_139/sim_0/results__thermal_conductivity.json,0.65241,0.34759,2.189e-05,8.278e-06,1.0212999999999999e-05,4.9184e-06,0.17182,0.48767,0.34052,16.0997081,33.525106813241564,2.9587838342665,25,Jahm,rve_139,377000000.0,2.3e-06
rve_140/sim_0/results__thermal_conductivity.json,0.32695,0.67305,2.1338e-05,1.1830999999999999e-05,9.5661e-06,5.961299999999999e-06,0.042523,0.33793,0.61954,7.19225266,33.525106813241564,2.9587838342665,25,Jahm,rve_140,377000000.0,2.3e-06
rve_141/sim_0/results__thermal_conductivity.json,0.40721,0.59279,8.932e-06,1.3975e-05,4.526699999999999e-06,6.5584e-06,0.27752,0.47919,0.24329,9.79090345,33.525106813241564,2.9587838342665,25,Jahm,rve_141,377000000.0,2.3e-06
rve_143/sim_0/results__thermal_conductivity.json,0.74297,0.25703,1.2441999999999999e-05,1.0884e-05,5.903699999999999e-06,5.4907e-06,0.52063,0.3956,0.083761,19.9611663,33.525106813241564,2.9587838342665,25,Jahm,rve_143,377000000.0,2.3e-06
rve_144/sim_0/results__thermal_conductivity.json,0.58096,0.41904,1.2420999999999998e-05,1.1224e-05,5.9376e-06,5.344e-06,0.30721,0.49782,0.19497,14.430977,33.525106813241564,2.9587838342665,25,Jahm,rve_144,377000000.0,2.3e-06
rve_145/sim_0/results__thermal_conductivity.json,0.17821,0.82179,6.124799999999999e-06,1.6140999999999997e-05,3.9986999999999995e-06,7.8346e-06,0.15248,0.42389,0.42363,5.30185262,33.525106813241564,2.9587838342665,25,Jahm,rve_145,377000000.0,2.3e-06
rve_146/sim_0/results__thermal_conductivity.json,0.36532,0.63468,8.0433e-06,1.637e-05,4.372e-06,7.7049e-06,0.32633,0.42964,0.24403,9.09022534,33.525106813241564,2.9587838342665,25,Jahm,rve_146,377000000.0,2.3e-06
rve_147/sim_0/results__thermal_conductivity.json,0.72951,0.27049,1.423e-05,1.6076e-05,7.1703e-06,7.6414e-06,0.54407,0.41888,0.037048,20.0708591,33.525106813241564,2.9587838342665,25,Jahm,rve_147,377000000.0,2.3e-06
rve_148/sim_0/results__thermal_conductivity.json,0.70666,0.29334,1.0265e-05,1.3881e-05,4.9114e-06,6.236799999999999e-06,0.58887,0.35188,0.059249,18.7186308,33.525106813241564,2.9587838342665,25,Jahm,rve_148,377000000.0,2.3e-06
rve_149/sim_0/results__thermal_conductivity.json,0.54561,0.45439,1.0382e-05,3.0042999999999997e-05,5.959399999999999e-06,1.3226999999999999e-05,0.59856,0.35884,0.042604,14.5157855,33.525106813241564,2.9587838342665,25,Jahm,rve_149,377000000.0,2.3e-06
rve_150/sim_0/results__thermal_conductivity.json,0.27622,0.72378,1.6431e-05,1.2491e-05,7.5281e-06,6.1428e-06,0.06585,0.31673,0.61741,6.48413789,33.525106813241564,2.9587838342665,25,Jahm,rve_150,377000000.0,2.3e-06
rve_151/sim_0/results__thermal_conductivity.json,0.69756,0.30244,1.8115999999999997e-05,9.1657e-06,8.470999999999999e-06,5.2075e-06,0.266,0.54452,0.18947,18.1883147,33.525106813241564,2.9587838342665,25,Jahm,rve_151,377000000.0,2.3e-06
rve_152/sim_0/results__thermal_conductivity.json,0.44122,0.55878,2.1509e-05,1.0743e-05,9.9446e-06,5.8327999999999994e-06,0.10432,0.35614,0.53954,9.22117657,33.525106813241564,2.9587838342665,25,Jahm,rve_152,377000000.0,2.3e-06
rve_153/sim_0/results__thermal_conductivity.json,0.27837,0.72163,3.3285e-05,1.0908e-05,1.3444e-05,5.6554e-06,,0.22441,0.77559,5.59408402,33.525106813241564,2.9587838342665,25,Jahm,rve_153,377000000.0,2.3e-06
rve_155/sim_0/results__thermal_conductivity.json,0.41226,0.58774,9.2348e-06,1.1903e-05,4.3411e-06,5.4752e-06,0.23778,0.47555,0.28667,9.80893438,33.525106813241564,2.9587838342665,25,Jahm,rve_155,377000000.0,2.3e-06
rve_156/sim_0/results__thermal_conductivity.json,0.43414,0.56586,7.9275e-06,2.0476e-05,4.5088e-06,8.9181e-06,0.41615,0.49642,0.087429,10.8166121,33.525106813241564,2.9587838342665,25,Jahm,rve_156,377000000.0,2.3e-06
rve_162/sim_0/results__thermal_conductivity.json,0.38418,0.61582,9.043799999999998e-06,1.4369999999999998e-05,4.4029e-06,6.5307e-06,0.24743,0.49726,0.25531,9.21936277,33.525106813241564,2.9587838342665,25,Jahm,rve_162,377000000.0,2.3e-06
rve_163/sim_0/results__thermal_conductivity.json,0.48193,0.51807,9.2047e-06,1.3537000000000001e-05,4.6289e-06,6.403299999999999e-06,0.35039,0.45522,0.19439,11.778937,33.525106813241564,2.9587838342665,25,Jahm,rve_163,377000000.0,2.3e-06
rve_165/sim_0/results__thermal_conductivity.json,0.44024,0.55976,9.908699999999999e-06,1.584e-05,5.0157999999999995e-06,7.3229e-06,0.29957,0.51289,0.18755,10.8490782,33.525106813241564,2.9587838342665,25,Jahm,rve_165,377000000.0,2.3e-06
rve_166/sim_0/results__thermal_conductivity.json,0.75739,0.24261,1.4998e-05,9.632300000000001e-06,7.2312e-06,4.9481999999999995e-06,0.45862,0.41483,0.12654,19.957935,33.525106813241564,2.9587838342665,25,Jahm,rve_166,377000000.0,2.3e-06
rve_167/sim_0/results__thermal_conductivity.json,0.51474,0.48526,1.5034e-05,1.2258999999999999e-05,6.9751e-06,5.8943000000000005e-06,0.23478,0.45688,0.30835,12.4593426,33.525106813241564,2.9587838342665,25,Jahm,rve_167,377000000.0,2.3e-06
rve_168/sim_0/results__thermal_conductivity.json,0.70762,0.29238,3.522e-05,8.5406e-06,1.5309e-05,5.4033e-06,0.074794,0.58714,0.33807,16.8257088,33.525106813241564,2.9587838342665,25,Jahm,rve_168,377000000.0,2.3e-06
rve_169/sim_0/results__thermal_conductivity.json,0.52956,0.47044,1.1764e-05,2.3565999999999998e-05,6.1066e-06,1.0861e-05,0.47184,0.44368,0.084481,13.6054467,33.525106813241564,2.9587838342665,25,Jahm,rve_169,377000000.0,2.3e-06
rve_172/sim_0/results__thermal_conductivity.json,0.37294,0.62706,9.0054e-06,1.2362e-05,4.4781e-06,5.9994e-06,0.21678,0.46711,0.31611,8.54924068,33.525106813241564,2.9587838342665,25,Jahm,rve_172,377000000.0,2.3e-06
rve_174/sim_0/results__thermal_conductivity.json,0.37659,0.62341,8.5381e-06,1.64e-05,4.5554e-06,7.6024e-06,0.30317,0.46604,0.23079,9.4235875,33.525106813241564,2.9587838342665,25,Jahm,rve_174,377000000.0,2.3e-06
rve_175/sim_0/results__thermal_conductivity.json,0.65557,0.34443,1.4138999999999998e-05,8.327899999999999e-06,6.655199999999999e-06,4.338599999999999e-06,0.30016,0.45743,0.2424,16.6333229,33.525106813241564,2.9587838342665,25,Jahm,rve_175,377000000.0,2.3e-06
rve_176/sim_0/results__thermal_conductivity.json,0.10954,0.89046,6.9301e-06,1.4074999999999998e-05,4.2460000000000005e-06,6.886899999999999e-06,0.041967,0.31359,0.64444,4.13853727,33.525106813241564,2.9587838342665,25,Jahm,rve_176,377000000.0,2.3e-06
rve_177/sim_0/results__thermal_conductivity.json,0.39344,0.60656,8.907199999999998e-06,1.2236e-05,4.3503e-06,5.6813e-06,0.24691,0.45042,0.30267,9.21267895,33.525106813241564,2.9587838342665,25,Jahm,rve_177,377000000.0,2.3e-06
rve_178/sim_0/results__thermal_conductivity.json,0.69086,0.30914,1.1038e-05,1.3977e-05,5.3412e-06,6.924e-06,0.5491,0.38223,0.068667,17.9278421,33.525106813241564,2.9587838342665,25,Jahm,rve_178,377000000.0,2.3e-06
rve_179/sim_0/results__thermal_conductivity.json,0.44682,0.55318,1.1996999999999999e-05,1.5371999999999998e-05,5.6153e-06,6.871e-06,0.275,0.46833,0.25667,10.8013461,33.525106813241564,2.9587838342665,25,Jahm,rve_179,377000000.0,2.3e-06
rve_180/sim_0/results__thermal_conductivity.json,0.50014,0.49986,1.3809e-05,1.3921e-05,6.949e-06,6.8939e-06,0.23865,0.52638,0.23498,11.8044407,33.525106813241564,2.9587838342665,25,Jahm,rve_180,377000000.0,2.3e-06
rve_181/sim_0/results__thermal_conductivity.json,0.35985,0.64015,7.5751e-06,2.2094e-05,4.4979e-06,9.8849e-06,0.38539,0.47437,0.14024,9.04021703,33.525106813241564,2.9587838342665,25,Jahm,rve_181,377000000.0,2.3e-06
rve_182/sim_0/results__thermal_conductivity.json,0.67604,0.32396,1.3574999999999998e-05,9.7735e-06,6.6938999999999996e-06,4.9313e-06,0.35639,0.4881,0.15551,17.2699263,33.525106813241564,2.9587838342665,25,Jahm,rve_182,377000000.0,2.3e-06
rve_183/sim_0/results__thermal_conductivity.json,0.85535,0.14465,1.5108e-05,1.1201999999999999e-05,7.7321e-06,6.13e-06,0.68803,0.25344,0.058531,24.5472864,33.525106813241564,2.9587838342665,25,Jahm,rve_183,377000000.0,2.3e-06
rve_184/sim_0/results__thermal_conductivity.json,0.70599,0.29401,4.9256e-05,9.715699999999999e-06,1.4867e-05,6.634699999999999e-06,,0.52854,0.47146,19.9655067,33.525106813241564,2.9587838342665,25,Jahm,rve_184,377000000.0,2.3e-06
rve_188/sim_0/results__thermal_conductivity.json,0.29332,0.70668,1.3987999999999999e-05,1.308e-05,6.439e-06,6.237599999999999e-06,0.069452,0.42214,0.50841,6.86174948,33.525106813241564,2.9587838342665,25,Jahm,rve_188,377000000.0,2.3e-06
rve_190/sim_0/results__thermal_conductivity.json,0.69936,0.30064,1.6498e-05,7.0113e-06,7.838099999999999e-06,4.0031e-06,0.24929,0.49285,0.25786,17.7058665,33.525106813241564,2.9587838342665,25,Jahm,rve_190,377000000.0,2.3e-06
rve_191/sim_0/results__thermal_conductivity.json,0.32631,0.67369,1.1948e-05,1.3362999999999999e-05,5.8559e-06,6.4675e-06,0.11702,0.46702,0.41597,7.4519401,33.525106813241564,2.9587838342665,25,Jahm,rve_191,377000000.0,2.3e-06
rve_192/sim_0/results__thermal_conductivity.json,0.93485,0.065151,1.1601e-05,5.5952e-06,5.8113e-06,3.6978e-06,0.7694,0.20635,0.02425,26.6765711,33.525106813241564,2.9587838342665,25,Jahm,rve_192,377000000.0,2.3e-06
rve_193/sim_0/results__thermal_conductivity.json,0.98723,0.012772,1.1182e-05,4.832099999999999e-06,5.6809999999999995e-06,3.1867e-06,0.94139,0.058613,,29.0094785,33.525106813241564,2.9587838342665,25,Jahm,rve_193,377000000.0,2.3e-06
rve_194/sim_0/results__thermal_conductivity.json,0.75555,0.24445,1.1891e-05,8.8713e-06,5.7336e-06,4.6580999999999995e-06,0.4943,0.40742,0.09828,20.0391401,33.525106813241564,2.9587838342665,25,Jahm,rve_194,377000000.0,2.3e-06
rve_195/sim_0/results__thermal_conductivity.json,0.061089,0.93891,8.7865e-06,1.4402999999999999e-05,4.6627e-06,6.7457e-06,0.012972,0.16695,0.82008,3.5123233,33.525106813241564,2.9587838342665,25,Jahm,rve_195,377000000.0,2.3e-06
rve_196/sim_0/results__thermal_conductivity.json,0.45493,0.54507,8.2178e-06,2.4992e-05,4.9016e-06,1.1361e-05,0.53521,0.36349,0.10129,11.8786131,33.525106813241564,2.9587838342665,25,Jahm,rve_196,377000000.0,2.3e-06
rve_197/sim_0/results__thermal_conductivity.json,0.88583,0.11417,1.1615e-05,9.352299999999999e-06,5.3953e-06,4.6736000000000005e-06,0.73965,0.24655,0.013799,25.1177922,33.525106813241564,2.9587838342665,25,Jahm,rve_197,377000000.0,2.3e-06
rve_199/sim_0/results__thermal_conductivity.json,0.33462,0.66538,1.575e-05,1.2733999999999999e-05,7.1280999999999996e-06,5.9122e-06,0.10185,0.3731,0.52505,7.82427354,33.525106813241564,2.9587838342665,25,Jahm,rve_199,377000000.0,2.3e-06
rve_200/sim_0/results__thermal_conductivity.json,0.3938,0.6062,7.9383e-06,2.1193999999999997e-05,4.6909e-06,1.0067e-05,0.45752,0.35594,0.18654,9.92289433,33.525106813241564,2.9587838342665,25,Jahm,rve_200,377000000.0,2.3e-06
rve_201/sim_0/results__thermal_conductivity.json,0.33059,0.66941,1.0273999999999999e-05,2.0283e-05,5.7179e-06,9.3175e-06,0.24149,0.50172,0.25679,8.43361875,33.525106813241564,2.9587838342665,25,Jahm,rve_201,377000000.0,2.3e-06
rve_202/sim_0/results__thermal_conductivity.json,0.13498,0.86502,6.7994e-06,1.1849999999999998e-05,3.5992999999999996e-06,5.5788e-06,0.048882,0.32836,0.62275,4.35300894,33.525106813241564,2.9587838342665,25,Jahm,rve_202,377000000.0,2.3e-06
rve_203/sim_0/results__thermal_conductivity.json,0.89878,0.10122,1.0317999999999998e-05,2.3952e-05,5.0043e-06,9.3376e-06,0.90733,0.092671,,25.537034,33.525106813241564,2.9587838342665,25,Jahm,rve_203,377000000.0,2.3e-06
rve_204/sim_0/results__thermal_conductivity.json,0.87772,0.12228,1.4861e-05,1.2958999999999999e-05,7.0746e-06,6.1523e-06,0.74399,0.23522,0.02079,25.4311779,33.525106813241564,2.9587838342665,25,Jahm,rve_204,377000000.0,2.3e-06
rve_205/sim_0/results__thermal_conductivity.json,0.34778,0.65222,1.0918e-05,1.1134e-05,5.011e-06,5.2876e-06,0.10709,0.49179,0.40112,8.07242307,33.525106813241564,2.9587838342665,25,Jahm,rve_205,377000000.0,2.3e-06
rve_206/sim_0/results__thermal_conductivity.json,0.20514,0.79486,6.5271e-06,1.6411999999999998e-05,4.0236e-06,7.7265e-06,0.18535,0.41103,0.40363,5.46657763,33.525106813241564,2.9587838342665,25,Jahm,rve_206,377000000.0,2.3e-06
rve_207/sim_0/results__thermal_conductivity.json,0.31422,0.68578,1.1638999999999998e-05,1.5808e-05,6.2148e-06,7.498099999999999e-06,0.14257,0.47947,0.37796,7.26591747,33.525106813241564,2.9587838342665,25,Jahm,rve_207,377000000.0,2.3e-06
rve_208/sim_0/results__thermal_conductivity.json,0.48742,0.51258,3.0831e-05,9.113799999999999e-06,1.3385999999999999e-05,5.3230000000000005e-06,0.053612,0.3307,0.61569,10.0347627,33.525106813241564,2.9587838342665,25,Jahm,rve_208,377000000.0,2.3e-06
rve_209/sim_0/results__thermal_conductivity.json,0.055588,0.94441,6.764899999999999e-06,1.2135999999999999e-05,3.8757e-06,6.0589e-06,0.0089856,0.17309,0.81792,3.48303695,33.525106813241564,2.9587838342665,25,Jahm,rve_209,377000000.0,2.3e-06
rve_210/sim_0/results__thermal_conductivity.json,0.7069,0.2931,1.5836e-05,7.6012e-06,7.8068e-06,4.5493e-06,0.32035,0.43693,0.24271,17.975821,33.525106813241564,2.9587838342665,25,Jahm,rve_210,377000000.0,2.3e-06
rve_211/sim_0/results__thermal_conductivity.json,0.32237,0.67763,1.5192999999999998e-05,9.7773e-06,6.831299999999999e-06,4.729499999999999e-06,0.045618,0.37708,0.5773,7.2480972,33.525106813241564,2.9587838342665,25,Jahm,rve_211,377000000.0,2.3e-06
rve_212/sim_0/results__thermal_conductivity.json,0.011936,0.98806,6.072199999999999e-06,1.5996e-05,3.7698e-06,7.6903e-06,,0.061921,0.93808,3.05663957,33.525106813241564,2.9587838342665,25,Jahm,rve_212,377000000.0,2.3e-06
rve_213/sim_0/results__thermal_conductivity.json,0.49858,0.50142,1.3978999999999998e-05,1.1951e-05,6.373199999999999e-06,5.6704e-06,0.2194,0.48126,0.29934,11.7985571,33.525106813241564,2.9587838342665,25,Jahm,rve_213,377000000.0,2.3e-06
rve_214/sim_0/results__thermal_conductivity.json,0.22567,0.77433,8.1195e-06,1.1013999999999998e-05,4.3632e-06,5.461899999999999e-06,0.086325,0.39012,0.52355,5.62042712,33.525106813241564,2.9587838342665,25,Jahm,rve_214,377000000.0,2.3e-06
rve_215/sim_0/results__thermal_conductivity.json,0.6489,0.3511,1.9329e-05,8.841699999999999e-06,9.087999999999998e-06,5.2152e-06,0.25347,0.40922,0.33731,16.3334484,33.525106813241564,2.9587838342665,25,Jahm,rve_215,377000000.0,2.3e-06
rve_217/sim_0/results__thermal_conductivity.json,0.82047,0.17953,1.3795e-05,2.1655999999999997e-05,6.8289e-06,1.0032999999999999e-05,0.77184,0.21195,0.016211,23.5335027,33.525106813241564,2.9587838342665,25,Jahm,rve_217,377000000.0,2.3e-06
rve_219/sim_0/results__thermal_conductivity.json,0.6982,0.3018,9.5516e-06,1.5569e-05,4.7781e-06,6.5728e-06,0.61017,0.35835,0.031477,18.4082909,33.525106813241564,2.9587838342665,25,Jahm,rve_219,377000000.0,2.3e-06
rve_220/sim_0/results__thermal_conductivity.json,0.96239,0.037605,1.4391999999999999e-05,8.5023e-06,7.1622e-06,4.3627e-06,0.88699,0.10217,0.010845,28.6486051,33.525106813241564,2.9587838342665,25,Jahm,rve_220,377000000.0,2.3e-06
rve_221/sim_0/results__thermal_conductivity.json,0.21105,0.78895,9.8063e-06,1.5518e-05,5.3667e-06,7.5713e-06,0.10492,0.38256,0.51252,5.57579655,33.525106813241564,2.9587838342665,25,Jahm,rve_221,377000000.0,2.3e-06
rve_222/sim_0/results__thermal_conductivity.json,0.31403,0.68597,7.2335e-06,1.5901e-05,4.2362e-06,7.5323e-06,0.27984,0.44455,0.27561,7.98424609,33.525106813241564,2.9587838342665,25,Jahm,rve_222,377000000.0,2.3e-06
rve_223/sim_0/results__thermal_conductivity.json,0.32415,0.67585,1.2077e-05,1.7125e-05,6.179199999999999e-06,7.5782e-06,0.17858,0.45229,0.36913,8.24775133,33.525106813241564,2.9587838342665,25,Jahm,rve_223,377000000.0,2.3e-06
rve_224/sim_0/results__thermal_conductivity.json,0.48035,0.51965,1.1772999999999999e-05,1.0304e-05,5.4862999999999995e-06,4.8007e-06,0.19019,0.51148,0.29833,11.238047,33.525106813241564,2.9587838342665,25,Jahm,rve_224,377000000.0,2.3e-06
rve_225/sim_0/results__thermal_conductivity.json,0.36227,0.63773,1.0779999999999998e-05,1.0238e-05,5.088e-06,4.8505e-06,0.13176,0.44176,0.42648,8.22474115,33.525106813241564,2.9587838342665,25,Jahm,rve_225,377000000.0,2.3e-06
rve_227/sim_0/results__thermal_conductivity.json,0.79956,0.20044,1.7050999999999996e-05,6.7531e-06,8.2679e-06,4.455199999999999e-06,0.43047,0.36093,0.2086,21.6833143,33.525106813241564,2.9587838342665,25,Jahm,rve_227,377000000.0,2.3e-06
rve_229/sim_0/results__thermal_conductivity.json,0.24206,0.75794,7.6234e-06,1.8673e-05,4.4466e-06,8.703499999999999e-06,0.19054,0.49479,0.31466,6.38834278,33.525106813241564,2.9587838342665,25,Jahm,rve_229,377000000.0,2.3e-06
rve_230/sim_0/results__thermal_conductivity.json,0.45189,0.54811,1.2403e-05,1.2617e-05,5.6769e-06,5.9843e-06,0.20326,0.50484,0.2919,11.0538385,33.525106813241564,2.9587838342665,25,Jahm,rve_230,377000000.0,2.3e-06
rve_231/sim_0/results__thermal_conductivity.json,0.77792,0.22208,1.3715e-05,9.4443e-06,6.6762e-06,5.0667e-06,0.48276,0.44777,0.069473,21.0485477,33.525106813241564,2.9587838342665,25,Jahm,rve_231,377000000.0,2.3e-06
rve_232/sim_0/results__thermal_conductivity.json,0.56312,0.43688,9.3527e-06,1.3744e-05,4.6879e-06,6.314e-06,0.45157,0.40602,0.14241,13.822192,33.525106813241564,2.9587838342665,25,Jahm,rve_232,377000000.0,2.3e-06
rve_233/sim_0/results__thermal_conductivity.json,0.74195,0.25805,1.5882999999999997e-05,1.3996e-05,7.575599999999999e-06,6.6551e-06,0.49063,0.45472,0.054653,20.4684101,33.525106813241564,2.9587838342665,25,Jahm,rve_233,377000000.0,2.3e-06
rve_234/sim_0/results__thermal_conductivity.json,0.43951,0.56049,1.8007000000000002e-05,1.2808e-05,8.6834e-06,6.2534999999999995e-06,0.14354,0.42853,0.42793,10.2000615,33.525106813241564,2.9587838342665,25,Jahm,rve_234,377000000.0,2.3e-06
rve_235/sim_0/results__thermal_conductivity.json,0.34977,0.65023,8.7681e-06,1.3680999999999998e-05,4.498899999999999e-06,6.592e-06,0.20339,0.51139,0.28522,8.19697172,33.525106813241564,2.9587838342665,25,Jahm,rve_235,377000000.0,2.3e-06
rve_236/sim_0/results__thermal_conductivity.json,0.64762,0.35238,1.064e-05,2.0556999999999996e-05,5.3807e-06,8.767699999999999e-06,0.59979,0.36003,0.040177,17.2098265,33.525106813241564,2.9587838342665,25,Jahm,rve_236,377000000.0,2.3e-06
rve_237/sim_0/results__thermal_conductivity.json,0.75678,0.24322,1.0461999999999999e-05,2.4966999999999997e-05,5.3155e-06,1.0507e-05,0.77789,0.20674,0.015369,20.5371795,33.525106813241564,2.9587838342665,25,Jahm,rve_237,377000000.0,2.3e-06
rve_238/sim_0/results__thermal_conductivity.json,0.83745,0.16255,1.2367999999999999e-05,1.3212e-05,5.9945e-06,6.097299999999999e-06,0.70099,0.29087,0.0081363,23.7000461,33.525106813241564,2.9587838342665,25,Jahm,rve_238,377000000.0,2.3e-06
rve_239/sim_0/results__thermal_conductivity.json,0.56262,0.43738,1.6579999999999997e-05,1.2567999999999999e-05,8.1724e-06,6.5251e-06,0.25096,0.48417,0.26487,13.4811834,33.525106813241564,2.9587838342665,25,Jahm,rve_239,377000000.0,2.3e-06
rve_241/sim_0/results__thermal_conductivity.json,0.061867,0.93813,9.3556e-06,1.3810999999999999e-05,4.508499999999999e-06,6.4479e-06,0.013097,0.15334,0.83356,3.51198619,33.525106813241564,2.9587838342665,25,Jahm,rve_241,377000000.0,2.3e-06
rve_244/sim_0/results__thermal_conductivity.json,0.39073,0.60927,1.2493e-05,1.3551999999999998e-05,5.7407e-06,6.400199999999999e-06,0.18602,0.44836,0.36563,9.09499317,33.525106813241564,2.9587838342665,25,Jahm,rve_244,377000000.0,2.3e-06
rve_245/sim_0/results__thermal_conductivity.json,0.21582,0.78418,8.1721e-06,1.1638999999999998e-05,4.2748999999999995e-06,5.6081e-06,0.093079,0.37622,0.5307,5.72388328,33.525106813241564,2.9587838342665,25,Jahm,rve_245,377000000.0,2.3e-06
rve_246/sim_0/results__thermal_conductivity.json,0.82497,0.17503,1.321e-05,1.4998e-05,6.370099999999999e-06,6.721899999999999e-06,0.69942,0.28548,0.015097,23.3092437,33.525106813241564,2.9587838342665,25,Jahm,rve_246,377000000.0,2.3e-06
rve_247/sim_0/results__thermal_conductivity.json,0.19323,0.80677,2.2198e-05,1.2585e-05,1.0301999999999999e-05,6.1843e-06,0.012297,0.2152,0.7725,4.73966391,33.525106813241564,2.9587838342665,25,Jahm,rve_247,377000000.0,2.3e-06
rve_248/sim_0/results__thermal_conductivity.json,0.72098,0.27902,3.3891e-05,8.4268e-06,1.6303e-05,5.6291e-06,0.16748,0.44661,0.38591,18.2348429,33.525106813241564,2.9587838342665,25,Jahm,rve_248,377000000.0,2.3e-06
rve_250/sim_0/results__thermal_conductivity.json,0.39185,0.60815,1.7117999999999998e-05,9.352499999999999e-06,7.7811e-06,4.8773e-06,0.069628,0.38029,0.55008,8.38472059,33.525106813241564,2.9587838342665,25,Jahm,rve_250,377000000.0,2.3e-06
rve_251/sim_0/results__thermal_conductivity.json,0.33567,0.66433,7.426199999999999e-06,2.4867e-05,4.4042999999999995e-06,1.1095e-05,0.40537,0.44639,0.14823,8.50666843,33.525106813241564,2.9587838342665,25,Jahm,rve_251,377000000.0,2.3e-06
rve_252/sim_0/results__thermal_conductivity.json,0.61967,0.38033,1.5634e-05,1.1239e-05,7.562e-06,5.7396e-06,0.29374,0.49059,0.21567,15.5260305,33.525106813241564,2.9587838342665,25,Jahm,rve_252,377000000.0,2.3e-06
rve_253/sim_0/results__thermal_conductivity.json,0.43172,0.56828,1.2735e-05,1.2023999999999999e-05,5.812299999999999e-06,5.5810000000000004e-06,0.16019,0.51792,0.32189,10.2073085,33.525106813241564,2.9587838342665,25,Jahm,rve_253,377000000.0,2.3e-06
rve_254/sim_0/results__thermal_conductivity.json,0.24561,0.75439,1.2630000000000001e-05,9.9838e-06,5.803799999999999e-06,4.7624e-06,0.043478,0.32384,0.63268,6.00418817,33.525106813241564,2.9587838342665,25,Jahm,rve_254,377000000.0,2.3e-06
rve_255/sim_0/results__thermal_conductivity.json,0.037983,0.96202,9.233e-06,1.3103e-05,4.386e-06,6.0587e-06,0.001574,0.10493,0.89349,3.26041755,33.525106813241564,2.9587838342665,25,Jahm,rve_255,377000000.0,2.3e-06
rve_256/sim_0/results__thermal_conductivity.json,0.47074,0.52926,9.2894e-06,1.3548e-05,4.5602e-06,6.0446e-06,0.33356,0.46122,0.20522,11.2092761,33.525106813241564,2.9587838342665,25,Jahm,rve_256,377000000.0,2.3e-06
rve_257/sim_0/results__thermal_conductivity.json,0.31234,0.68766,9.7527e-06,1.2984e-05,4.8348e-06,6.0429999999999996e-06,0.14607,0.45929,0.39464,7.51661766,33.525106813241564,2.9587838342665,25,Jahm,rve_257,377000000.0,2.3e-06
rve_258/sim_0/results__thermal_conductivity.json,0.38412,0.61588,1.0826e-05,1.0603999999999999e-05,5.2564e-06,5.0093e-06,0.13416,0.48619,0.37965,8.78800819,33.525106813241564,2.9587838342665,25,Jahm,rve_258,377000000.0,2.3e-06
rve_259/sim_0/results__thermal_conductivity.json,0.24341,0.75659,9.760899999999998e-06,1.3804999999999999e-05,5.1417e-06,6.708e-06,0.10391,0.41358,0.48251,6.02429862,33.525106813241564,2.9587838342665,25,Jahm,rve_259,377000000.0,2.3e-06
rve_260/sim_0/results__thermal_conductivity.json,0.55464,0.44536,1.1439999999999999e-05,1.2618e-05,5.5305e-06,6.009e-06,0.34701,0.46382,0.18917,13.4765146,33.525106813241564,2.9587838342665,25,Jahm,rve_260,377000000.0,2.3e-06
rve_261/sim_0/results__thermal_conductivity.json,0.8908,0.1092,1.4507999999999999e-05,5.4474e-06,7.2849e-06,3.6732e-06,0.57228,0.36205,0.065668,25.284322,33.525106813241564,2.9587838342665,25,Jahm,rve_261,377000000.0,2.3e-06
rve_262/sim_0/results__thermal_conductivity.json,0.23381,0.76619,9.9708e-06,1.0855e-05,4.5338e-06,5.0747e-06,0.054726,0.39498,0.55029,5.74003777,33.525106813241564,2.9587838342665,25,Jahm,rve_262,377000000.0,2.3e-06
rve_263/sim_0/results__thermal_conductivity.json,0.63805,0.36195,1.3678e-05,1.8004e-05,6.5041e-06,8.353199999999998e-06,0.47562,0.44851,0.075868,16.8228368,33.525106813241564,2.9587838342665,25,Jahm,rve_263,377000000.0,2.3e-06
rve_264/sim_0/results__thermal_conductivity.json,0.76678,0.23322,1.2506e-05,1.2992999999999999e-05,5.8832e-06,5.981399999999999e-06,0.60216,0.34343,0.054415,21.0784052,33.525106813241564,2.9587838342665,25,Jahm,rve_264,377000000.0,2.3e-06
rve_265/sim_0/results__thermal_conductivity.json,0.8718,0.1282,1.3889999999999999e-05,1.0435e-05,6.6459e-06,5.332499999999999e-06,0.72533,0.22397,0.050705,25.1147606,33.525106813241564,2.9587838342665,25,Jahm,rve_265,377000000.0,2.3e-06
rve_266/sim_0/results__thermal_conductivity.json,0.70986,0.29014,1.7370999999999997e-05,7.7962e-06,8.2399e-06,4.7828999999999996e-06,0.28534,0.47383,0.24082,18.2351061,33.525106813241564,2.9587838342665,25,Jahm,rve_266,377000000.0,2.3e-06
rve_267/sim_0/results__thermal_conductivity.json,0.59006,0.40994,1.3042e-05,2.5424e-05,6.585899999999999e-06,1.1231999999999999e-05,0.53052,0.41141,0.058062,15.7952894,33.525106813241564,2.9587838342665,25,Jahm,rve_267,377000000.0,2.3e-06
rve_268/sim_0/results__thermal_conductivity.json,0.85016,0.14984,1.7631e-05,7.3966e-06,8.6569e-06,4.7396e-06,0.49881,0.41058,0.090612,23.9801849,33.525106813241564,2.9587838342665,25,Jahm,rve_268,377000000.0,2.3e-06
rve_269/sim_0/results__thermal_conductivity.json,0.84123,0.15877,1.4753e-05,1.0294999999999999e-05,7.6006e-06,5.6154e-06,0.61608,0.34682,0.037099,23.6792119,33.525106813241564,2.9587838342665,25,Jahm,rve_269,377000000.0,2.3e-06
rve_270/sim_0/results__thermal_conductivity.json,0.62642,0.37358,1.3157e-05,1.6122e-05,6.5194e-06,7.456299999999999e-06,0.45115,0.4454,0.10345,16.5351038,33.525106813241564,2.9587838342665,25,Jahm,rve_270,377000000.0,2.3e-06
rve_271/sim_0/results__thermal_conductivity.json,0.80449,0.19551,1.2913999999999999e-05,7.005899999999999e-06,6.059899999999999e-06,3.8542e-06,0.48093,0.42158,0.097495,21.4323435,33.525106813241564,2.9587838342665,25,Jahm,rve_271,377000000.0,2.3e-06
rve_272/sim_0/results__thermal_conductivity.json,0.62698,0.37302,2.8740999999999998e-05,9.8604e-06,1.3281e-05,5.675799999999999e-06,0.12849,0.47307,0.39843,16.239244,33.525106813241564,2.9587838342665,25,Jahm,rve_272,377000000.0,2.3e-06
rve_273/sim_0/results__thermal_conductivity.json,0.64146,0.35854,1.1252e-05,1.0266999999999998e-05,5.162e-06,4.9916e-06,0.38172,0.47488,0.14339,16.4160824,33.525106813241564,2.9587838342665,25,Jahm,rve_273,377000000.0,2.3e-06
rve_274/sim_0/results__thermal_conductivity.json,0.36557,0.63443,1.0662e-05,1.2628999999999999e-05,5.243599999999999e-06,5.8894e-06,0.18026,0.45199,0.36775,8.02715897,33.525106813241564,2.9587838342665,25,Jahm,rve_274,377000000.0,2.3e-06
rve_275/sim_0/results__thermal_conductivity.json,0.36988,0.63012,8.823999999999999e-06,2.3809999999999997e-05,5.2672999999999995e-06,1.1393000000000001e-05,0.41858,0.38762,0.19381,9.27204224,33.525106813241564,2.9587838342665,25,Jahm,rve_275,377000000.0,2.3e-06
rve_276/sim_0/results__thermal_conductivity.json,0.81002,0.18998,2.3172e-05,7.2083e-06,1.0878e-05,4.8047e-06,0.3653,0.40942,0.22528,22.7675899,33.525106813241564,2.9587838342665,25,Jahm,rve_276,377000000.0,2.3e-06
rve_277/sim_0/results__thermal_conductivity.json,0.62617,0.37383,1.3896e-05,7.7388e-06,6.680699999999999e-06,4.3093e-06,0.2368,0.49716,0.26604,15.272965,33.525106813241564,2.9587838342665,25,Jahm,rve_277,377000000.0,2.3e-06
rve_278/sim_0/results__thermal_conductivity.json,0.49767,0.50233,1.7413e-05,1.0821999999999999e-05,8.4513e-06,5.527899999999999e-06,0.16106,0.43818,0.40076,11.7414883,33.525106813241564,2.9587838342665,25,Jahm,rve_278,377000000.0,2.3e-06
rve_279/sim_0/results__thermal_conductivity.json,0.11149,0.88851,6.6642e-06,1.5080999999999998e-05,4.3625999999999995e-06,7.8478e-06,0.058982,0.31996,0.62106,4.21731073,33.525106813241564,2.9587838342665,25,Jahm,rve_279,377000000.0,2.3e-06
rve_280/sim_0/results__thermal_conductivity.json,0.42207,0.57793,1.2672e-05,1.1147e-05,5.9492e-06,5.4668e-06,0.15556,0.47312,0.37133,9.29758665,33.525106813241564,2.9587838342665,25,Jahm,rve_280,377000000.0,2.3e-06
rve_281/sim_0/results__thermal_conductivity.json,0.54912,0.45088,1.8871e-05,1.0196999999999999e-05,8.8178e-06,5.52e-06,0.15487,0.4846,0.36053,13.0429928,33.525106813241564,2.9587838342665,25,Jahm,rve_281,377000000.0,2.3e-06
rve_282/sim_0/results__thermal_conductivity.json,0.82885,0.17115,1.4137999999999999e-05,6.7546e-06,6.9617e-06,4.089699999999999e-06,0.51016,0.37222,0.11762,22.598439,33.525106813241564,2.9587838342665,25,Jahm,rve_282,377000000.0,2.3e-06
rve_283/sim_0/results__thermal_conductivity.json,0.43026,0.56974,1.4521e-05,1.6100000000000002e-05,7.0026e-06,7.6093e-06,0.19556,0.52128,0.28317,10.3068719,33.525106813241564,2.9587838342665,25,Jahm,rve_283,377000000.0,2.3e-06
rve_284/sim_0/results__thermal_conductivity.json,0.48148,0.51852,1.2102999999999999e-05,1.6625e-05,5.9351999999999995e-06,7.5125e-06,0.32798,0.46445,0.20757,11.2476907,33.525106813241564,2.9587838342665,25,Jahm,rve_284,377000000.0,2.3e-06
rve_286/sim_0/results__thermal_conductivity.json,0.26049,0.73951,1.0134e-05,1.3865e-05,5.215099999999999e-06,6.5626e-06,0.10917,0.43048,0.46035,6.53553094,33.525106813241564,2.9587838342665,25,Jahm,rve_286,377000000.0,2.3e-06
rve_287/sim_0/results__thermal_conductivity.json,0.13927,0.86073,6.6906e-06,1.6842e-05,4.3299e-06,8.204e-06,0.097961,0.38052,0.52152,4.80733738,33.525106813241564,2.9587838342665,25,Jahm,rve_287,377000000.0,2.3e-06
rve_288/sim_0/results__thermal_conductivity.json,0.91684,0.083164,1.3178e-05,5.6039e-06,6.352999999999999e-06,3.6269e-06,0.67962,0.29454,0.025833,26.4425494,33.525106813241564,2.9587838342665,25,Jahm,rve_288,377000000.0,2.3e-06
rve_289/sim_0/results__thermal_conductivity.json,0.44651,0.55349,1.0787e-05,1.6915e-05,5.372899999999999e-06,7.8024e-06,0.29654,0.52279,0.18067,10.941056,33.525106813241564,2.9587838342665,25,Jahm,rve_289,377000000.0,2.3e-06
rve_290/sim_0/results__thermal_conductivity.json,0.84527,0.15473,1.0847e-05,8.556599999999999e-06,5.1453e-06,4.2431999999999995e-06,0.66335,0.29492,0.041737,23.2090763,33.525106813241564,2.9587838342665,25,Jahm,rve_290,377000000.0,2.3e-06
rve_291/sim_0/results__thermal_conductivity.json,0.70725,0.29275,2.1207e-05,8.537399999999999e-06,1.0162999999999999e-05,4.9201e-06,0.2803,0.42526,0.29444,17.9861998,33.525106813241564,2.9587838342665,25,Jahm,rve_291,377000000.0,2.3e-06
rve_292/sim_0/results__thermal_conductivity.json,0.22739,0.77261,8.8005e-06,1.1348e-05,4.1464e-06,5.3168e-06,0.084922,0.37955,0.53553,6.02726998,33.525106813241564,2.9587838342665,25,Jahm,rve_292,377000000.0,2.3e-06
rve_293/sim_0/results__thermal_conductivity.json,0.68104,0.31896,1.0758e-05,1.1811999999999998e-05,5.0878e-06,5.6537e-06,0.49696,0.40865,0.094391,17.8465753,33.525106813241564,2.9587838342665,25,Jahm,rve_293,377000000.0,2.3e-06
rve_294/sim_0/results__thermal_conductivity.json,0.46061,0.53939,8.0951e-06,2.4019999999999997e-05,4.8512e-06,1.0134999999999999e-05,0.53462,0.36462,0.10077,11.9362613,33.525106813241564,2.9587838342665,25,Jahm,rve_294,377000000.0,2.3e-06
rve_295/sim_0/results__thermal_conductivity.json,0.78804,0.21196,1.1948e-05,8.8339e-06,5.8231999999999996e-06,4.6834e-06,0.54917,0.36536,0.085462,21.2436899,33.525106813241564,2.9587838342665,25,Jahm,rve_295,377000000.0,2.3e-06
rve_298/sim_0/results__thermal_conductivity.json,0.25528,0.74472,1.5317e-05,1.4614e-05,7.2062e-06,6.9633e-06,0.048736,0.3935,0.55776,6.07371341,33.525106813241564,2.9587838342665,25,Jahm,rve_298,377000000.0,2.3e-06
rve_299/sim_0/results__thermal_conductivity.json,0.86676,0.13324,1.3586e-05,6.5998e-06,6.6211e-06,3.9239e-06,0.5671,0.38517,0.047723,24.2180388,33.525106813241564,2.9587838342665,25,Jahm,rve_299,377000000.0,2.3e-06
rve_300/sim_0/results__thermal_conductivity.json,0.78217,0.21783,2.5481000000000002e-05,8.0473e-06,1.089e-05,5.5791000000000005e-06,0.29673,0.46815,0.23513,21.6609606,33.525106813241564,2.9587838342665,25,Jahm,rve_300,377000000.0,2.3e-06
rve_301/sim_0/results__thermal_conductivity.json,0.11866,0.88134,1.2491e-05,1.1794e-05,5.6675e-06,5.6069000000000005e-06,0.0070048,0.21014,0.78285,4.0244116,33.525106813241564,2.9587838342665,25,Jahm,rve_301,377000000.0,2.3e-06
rve_302/sim_0/results__thermal_conductivity.json,0.91559,0.084412,1.5247999999999999e-05,1.0235e-05,7.468899999999999e-06,5.4667e-06,0.7687,0.22414,0.0071535,27.1678449,33.525106813241564,2.9587838342665,25,Jahm,rve_302,377000000.0,2.3e-06
rve_303/sim_0/results__thermal_conductivity.json,0.2899,0.7101,7.1594e-06,1.8511e-05,4.320299999999999e-06,8.981299999999998e-06,0.32568,0.37523,0.2991,7.57667261,33.525106813241564,2.9587838342665,25,Jahm,rve_303,377000000.0,2.3e-06
rve_304/sim_0/results__thermal_conductivity.json,0.38117,0.61883,1.5435e-05,1.3781e-05,7.538599999999999e-06,6.703299999999999e-06,0.13739,0.43438,0.42824,8.73688124,33.525106813241564,2.9587838342665,25,Jahm,rve_304,377000000.0,2.3e-06
rve_305/sim_0/results__thermal_conductivity.json,0.5719,0.4281,1.8672e-05,1.2423e-05,9.2499e-06,6.5971e-06,0.24875,0.4425,0.30875,14.6952332,33.525106813241564,2.9587838342665,25,Jahm,rve_305,377000000.0,2.3e-06
rve_306/sim_0/results__thermal_conductivity.json,0.31425,0.68575,9.1263e-06,2.119e-05,5.296199999999999e-06,9.8785e-06,0.28293,0.4628,0.25427,8.13394244,33.525106813241564,2.9587838342665,25,Jahm,rve_306,377000000.0,2.3e-06
rve_307/sim_0/results__thermal_conductivity.json,0.20331,0.79669,9.6385e-06,1.1006e-05,4.6870999999999996e-06,5.134299999999999e-06,0.061589,0.32949,0.60892,5.32702011,33.525106813241564,2.9587838342665,25,Jahm,rve_307,377000000.0,2.3e-06
rve_308/sim_0/results__thermal_conductivity.json,0.6002,0.3998,1.1478e-05,1.3253999999999999e-05,5.4298999999999995e-06,6.1799e-06,0.38203,0.50148,0.11649,15.4159314,33.525106813241564,2.9587838342665,25,Jahm,rve_308,377000000.0,2.3e-06
rve_309/sim_0/results__thermal_conductivity.json,0.17986,0.82014,1.3201e-05,1.4053e-05,6.4823e-06,6.8098e-06,0.039288,0.29847,0.66224,5.09817387,33.525106813241564,2.9587838342665,25,Jahm,rve_309,377000000.0,2.3e-06
rve_310/sim_0/results__thermal_conductivity.json,0.90224,0.097755,1.239e-05,1.0926999999999999e-05,5.8358999999999995e-06,5.2807e-06,0.79124,0.19905,0.0097039,25.9322147,33.525106813241564,2.9587838342665,25,Jahm,rve_310,377000000.0,2.3e-06
rve_311/sim_0/results__thermal_conductivity.json,0.76164,0.23836,1.0792999999999998e-05,1.2695e-05,5.0719e-06,5.9393e-06,0.63365,0.31375,0.052596,20.430725,33.525106813241564,2.9587838342665,25,Jahm,rve_311,377000000.0,2.3e-06
rve_312/sim_0/results__thermal_conductivity.json,0.15559,0.84441,7.2801e-06,1.2416e-05,3.8113999999999996e-06,6.0711e-06,0.072289,0.33917,0.58854,4.64688341,33.525106813241564,2.9587838342665,25,Jahm,rve_312,377000000.0,2.3e-06
rve_313/sim_0/results__thermal_conductivity.json,0.81022,0.18978,1.3035e-05,6.6783e-06,6.1969e-06,3.8352e-06,0.49248,0.38671,0.12082,21.8837322,33.525106813241564,2.9587838342665,25,Jahm,rve_313,377000000.0,2.3e-06
rve_314/sim_0/results__thermal_conductivity.json,0.73521,0.26479,3.4726e-05,9.156299999999999e-06,1.6658999999999998e-05,6.3963e-06,0.17257,0.48517,0.34226,19.4556544,33.525106813241564,2.9587838342665,25,Jahm,rve_314,377000000.0,2.3e-06
rve_316/sim_0/results__thermal_conductivity.json,0.82213,0.17787,1.4933e-05,1.4524999999999999e-05,7.2713e-06,7.1391e-06,0.66475,0.30653,0.028718,23.4207169,33.525106813241564,2.9587838342665,25,Jahm,rve_316,377000000.0,2.3e-06
rve_317/sim_0/results__thermal_conductivity.json,0.46349,0.53651,1.1645e-05,2.0118999999999998e-05,6.2769e-06,9.652299999999999e-06,0.36311,0.47354,0.16335,11.8394473,33.525106813241564,2.9587838342665,25,Jahm,rve_317,377000000.0,2.3e-06
rve_318/sim_0/results__thermal_conductivity.json,0.50326,0.49674,2.1934e-05,1.0454999999999999e-05,1.0726e-05,5.7873e-06,0.092352,0.46522,0.44242,10.600555,33.525106813241564,2.9587838342665,25,Jahm,rve_318,377000000.0,2.3e-06
rve_319/sim_0/results__thermal_conductivity.json,0.66954,0.33046,1.3588e-05,1.071e-05,6.1607e-06,5.162899999999999e-06,0.38887,0.45568,0.15545,17.6942482,33.525106813241564,2.9587838342665,25,Jahm,rve_319,377000000.0,2.3e-06
rve_320/sim_0/results__thermal_conductivity.json,0.72728,0.27272,1.2915e-05,9.1822e-06,6.0088e-06,4.5003e-06,0.45545,0.39376,0.15079,18.9597235,33.525106813241564,2.9587838342665,25,Jahm,rve_320,377000000.0,2.3e-06
rve_321/sim_0/results__thermal_conductivity.json,0.85683,0.14317,1.1227e-05,9.2713e-06,5.3304e-06,4.8005e-06,0.67701,0.30769,0.015296,24.0512562,33.525106813241564,2.9587838342665,25,Jahm,rve_321,377000000.0,2.3e-06
rve_322/sim_0/results__thermal_conductivity.json,0.83089,0.16911,2.4138999999999997e-05,8.225400000000001e-06,1.0987999999999999e-05,5.7647e-06,0.39837,0.45233,0.1493,23.366512,33.525106813241564,2.9587838342665,25,Jahm,rve_322,377000000.0,2.3e-06
rve_323/sim_0/results__thermal_conductivity.json,0.51798,0.48202,2.3046e-05,8.5602e-06,1.0263e-05,4.9012e-06,0.08936,0.39205,0.5186,11.4314564,33.525106813241564,2.9587838342665,25,Jahm,rve_323,377000000.0,2.3e-06
rve_324/sim_0/results__thermal_conductivity.json,0.91323,0.086769,1.1182e-05,8.3411e-06,5.3263999999999995e-06,4.1128e-06,0.78723,0.19885,0.01392,26.0753028,33.525106813241564,2.9587838342665,25,Jahm,rve_324,377000000.0,2.3e-06
rve_325/sim_0/results__thermal_conductivity.json,0.7389,0.2611,1.4208e-05,1.3568e-05,6.9389e-06,6.5922999999999995e-06,0.51371,0.43404,0.052256,20.3568467,33.525106813241564,2.9587838342665,25,Jahm,rve_325,377000000.0,2.3e-06
rve_327/sim_0/results__thermal_conductivity.json,0.35312,0.64688,1.3311999999999999e-05,1.2547e-05,6.0906e-06,5.923899999999999e-06,0.11777,0.44346,0.43877,7.82830979,33.525106813241564,2.9587838342665,25,Jahm,rve_327,377000000.0,2.3e-06
rve_328/sim_0/results__thermal_conductivity.json,0.60494,0.39506,1.3612e-05,1.0714e-05,6.3356e-06,5.2316e-06,0.31248,0.46785,0.21966,15.2294561,33.525106813241564,2.9587838342665,25,Jahm,rve_328,377000000.0,2.3e-06
rve_329/sim_0/results__thermal_conductivity.json,0.27151,0.72849,7.3383e-06,1.6355e-05,4.565699999999999e-06,8.043900000000001e-06,0.22067,0.4648,0.31453,6.96390531,33.525106813241564,2.9587838342665,25,Jahm,rve_329,377000000.0,2.3e-06
rve_330/sim_0/results__thermal_conductivity.json,0.17496,0.82504,8.932199999999999e-06,5.4417e-05,5.7488e-06,1.2941e-05,0.36857,0.63143,,5.54895569,33.525106813241564,2.9587838342665,25,Jahm,rve_330,377000000.0,2.3e-06
rve_336/sim_0/results__thermal_conductivity.json,0.71729,0.28271,1.4587e-05,1.2222e-05,6.977999999999999e-06,6.0265e-06,0.44513,0.46989,0.084975,19.2435712,33.525106813241564,2.9587838342665,25,Jahm,rve_336,377000000.0,2.3e-06
rve_337/sim_0/results__thermal_conductivity.json,0.24662,0.75338,7.5034e-06,2.2594999999999996e-05,4.820999999999999e-06,1.0705e-05,0.29262,0.40492,0.30246,6.35124857,33.525106813241564,2.9587838342665,25,Jahm,rve_337,377000000.0,2.3e-06
rve_338/sim_0/results__thermal_conductivity.json,0.10532,0.89468,7.4096e-06,1.147e-05,3.9824e-06,5.3547e-06,0.021201,0.2606,0.7182,4.02155165,33.525106813241564,2.9587838342665,25,Jahm,rve_338,377000000.0,2.3e-06
rve_339/sim_0/results__thermal_conductivity.json,0.7116,0.2884,1.5105e-05,9.6447e-06,7.0308e-06,5.0289e-06,0.38336,0.45707,0.15958,17.944704,33.525106813241564,2.9587838342665,25,Jahm,rve_339,377000000.0,2.3e-06
rve_340/sim_0/results__thermal_conductivity.json,0.55232,0.44768,1.0863e-05,2.1786999999999997e-05,5.7209e-06,9.8945e-06,0.50899,0.40342,0.087589,14.2815264,33.525106813241564,2.9587838342665,25,Jahm,rve_340,377000000.0,2.3e-06
rve_342/sim_0/results__thermal_conductivity.json,0.96352,0.036484,1.305e-05,7.243899999999999e-06,6.8635e-06,4.622e-06,0.87745,0.11816,0.004386,28.4965285,33.525106813241564,2.9587838342665,25,Jahm,rve_342,377000000.0,2.3e-06
rve_343/sim_0/results__thermal_conductivity.json,0.7293,0.2707,1.7261e-05,1.0970999999999999e-05,8.350499999999999e-06,5.7933e-06,0.3848,0.4924,0.1228,19.3603899,33.525106813241564,2.9587838342665,25,Jahm,rve_343,377000000.0,2.3e-06
rve_348/sim_0/results__thermal_conductivity.json,0.38919,0.61081,1.1464e-05,4.5192e-05,7.842699999999999e-06,1.5771e-05,0.47043,0.52957,,10.5332054,33.525106813241564,2.9587838342665,25,Jahm,rve_348,377000000.0,2.3e-06
rve_354/sim_0/results__thermal_conductivity.json,0.21062,0.78938,1.4461e-05,1.2743e-05,6.6374e-06,5.9078e-06,0.033236,0.31321,0.65355,5.57062197,33.525106813241564,2.9587838342665,25,Jahm,rve_354,377000000.0,2.3e-06
rve_355/sim_0/results__thermal_conductivity.json,0.69418,0.30582,1.7323e-05,1.1917999999999998e-05,8.426199999999999e-06,6.4377e-06,0.35633,0.50294,0.14074,18.2904606,33.525106813241564,2.9587838342665,25,Jahm,rve_355,377000000.0,2.3e-06
rve_357/sim_0/results__thermal_conductivity.json,0.42144,0.57856,2.5489e-05,9.1876e-06,1.147e-05,5.1571999999999995e-06,0.055613,0.30702,0.63737,9.46786463,33.525106813241564,2.9587838342665,25,Jahm,rve_357,377000000.0,2.3e-06
rve_358/sim_0/results__thermal_conductivity.json,0.16497,0.83503,7.6698e-06,1.4363e-05,4.359799999999999e-06,6.9749e-06,0.075587,0.39019,0.53422,4.94290665,33.525106813241564,2.9587838342665,25,Jahm,rve_358,377000000.0,2.3e-06
rve_359/sim_0/results__thermal_conductivity.json,0.20418,0.79582,9e-06,1.9141e-05,5.3791e-06,9.155499999999999e-06,0.13557,0.43332,0.43111,5.71226904,33.525106813241564,2.9587838342665,25,Jahm,rve_359,377000000.0,2.3e-06
rve_360/sim_0/results__thermal_conductivity.json,0.21679,0.78321,7.916999999999999e-06,1.2771e-05,4.261599999999999e-06,6.144099999999999e-06,0.086986,0.43975,0.47326,5.642464,33.525106813241564,2.9587838342665,25,Jahm,rve_360,377000000.0,2.3e-06
rve_361/sim_0/results__thermal_conductivity.json,0.40621,0.59379,9.909399999999999e-06,1.5782e-05,5.150199999999999e-06,7.227199999999999e-06,0.2825,0.4754,0.2421,9.33809144,33.525106813241564,2.9587838342665,25,Jahm,rve_361,377000000.0,2.3e-06
rve_362/sim_0/results__thermal_conductivity.json,0.61735,0.38265,1.0845e-05,1.0476000000000001e-05,4.9964e-06,4.8929e-06,0.37209,0.47725,0.15066,15.2233477,33.525106813241564,2.9587838342665,25,Jahm,rve_362,377000000.0,2.3e-06
rve_363/sim_0/results__thermal_conductivity.json,0.65689,0.34311,1.422e-05,7.9096e-06,6.7723e-06,4.3635e-06,0.2668,0.49682,0.23638,16.1749089,33.525106813241564,2.9587838342665,25,Jahm,rve_363,377000000.0,2.3e-06
rve_364/sim_0/results__thermal_conductivity.json,0.69408,0.30592,1.7429e-05,8.392099999999999e-06,7.9978e-06,4.7135e-06,0.26605,0.50759,0.22636,17.5047877,33.525106813241564,2.9587838342665,25,Jahm,rve_364,377000000.0,2.3e-06
rve_365/sim_0/results__thermal_conductivity.json,0.26421,0.73579,7.1985e-06,2.6219e-05,4.3859e-06,1.3093e-05,0.37402,0.3872,0.23878,7.05840602,33.525106813241564,2.9587838342665,25,Jahm,rve_365,377000000.0,2.3e-06
rve_366/sim_0/results__thermal_conductivity.json,0.70276,0.29724,1.0593999999999999e-05,1.4826999999999999e-05,5.135399999999999e-06,6.480599999999999e-06,0.57732,0.37624,0.04644,18.8099587,33.525106813241564,2.9587838342665,25,Jahm,rve_366,377000000.0,2.3e-06
rve_367/sim_0/results__thermal_conductivity.json,0.2187,0.7813,6.9271999999999995e-06,1.6061e-05,4.1969000000000004e-06,7.8063e-06,0.18209,0.42303,0.39488,6.09608461,33.525106813241564,2.9587838342665,25,Jahm,rve_367,377000000.0,2.3e-06
rve_368/sim_0/results__thermal_conductivity.json,0.79751,0.20249,1.2407999999999999e-05,8.5524e-06,5.9832e-06,4.5022e-06,0.53134,0.3988,0.069859,21.5437568,33.525106813241564,2.9587838342665,25,Jahm,rve_368,377000000.0,2.3e-06
rve_369/sim_0/results__thermal_conductivity.json,0.11052,0.88948,7.0913999999999996e-06,1.2377999999999999e-05,3.7648999999999997e-06,5.8543e-06,0.047464,0.26152,0.69102,4.15515994,33.525106813241564,2.9587838342665,25,Jahm,rve_369,377000000.0,2.3e-06
rve_371/sim_0/results__thermal_conductivity.json,0.79506,0.20494,9.9916e-06,1.2432e-05,4.811399999999999e-06,5.777899999999999e-06,0.6978,0.26218,0.040025,21.4347821,33.525106813241564,2.9587838342665,25,Jahm,rve_371,377000000.0,2.3e-06
rve_372/sim_0/results__thermal_conductivity.json,0.29615,0.70385,8.774800000000001e-06,2.9148999999999998e-05,5.692899999999999e-06,1.3926e-05,0.32912,0.51018,0.1607,8.10073848,33.525106813241564,2.9587838342665,25,Jahm,rve_372,377000000.0,2.3e-06
rve_373/sim_0/results__thermal_conductivity.json,0.21318,0.78682,2.4046e-05,1.2615999999999999e-05,9.8989e-06,6.0724e-06,0.0005711,0.24729,0.75214,5.14265851,33.525106813241564,2.9587838342665,25,Jahm,rve_373,377000000.0,2.3e-06
rve_374/sim_0/results__thermal_conductivity.json,0.18056,0.81944,1.4734999999999999e-05,1.3814e-05,7.1436e-06,6.5183e-06,0.040648,0.26151,0.69784,5.03026649,33.525106813241564,2.9587838342665,25,Jahm,rve_374,377000000.0,2.3e-06
rve_376/sim_0/results__thermal_conductivity.json,0.87592,0.12408,1.2134e-05,7.098499999999999e-06,6.0101e-06,4.187700000000001e-06,0.6489,0.31073,0.040372,24.379762,33.525106813241564,2.9587838342665,25,Jahm,rve_376,377000000.0,2.3e-06
rve_377/sim_0/results__thermal_conductivity.json,0.39523,0.60477,7.6764e-06,1.9859e-05,4.7365e-06,9.721399999999998e-06,0.42868,0.39761,0.17371,9.95157372,33.525106813241564,2.9587838342665,25,Jahm,rve_377,377000000.0,2.3e-06
rve_378/sim_0/results__thermal_conductivity.json,0.8083,0.1917,1.6309999999999998e-05,6.3171e-06,7.8754e-06,3.8306e-06,0.43032,0.38591,0.18377,22.1882725,33.525106813241564,2.9587838342665,25,Jahm,rve_378,377000000.0,2.3e-06
rve_379/sim_0/results__thermal_conductivity.json,0.30574,0.69426,8.5235e-06,4.8701e-05,5.2071e-06,1.4975e-05,0.53853,0.46147,,8.1295291,33.525106813241564,2.9587838342665,25,Jahm,rve_379,377000000.0,2.3e-06
rve_384/sim_0/results__thermal_conductivity.json,0.91325,0.08675,1.7725e-05,7.526299999999999e-06,8.9582e-06,4.4399e-06,0.66075,0.31087,0.028378,26.921082,33.525106813241564,2.9587838342665,25,Jahm,rve_384,377000000.0,2.3e-06
rve_385/sim_0/results__thermal_conductivity.json,0.52957,0.47043,1.5128e-05,1.1403e-05,7.165799999999999e-06,5.4744e-06,0.22933,0.45653,0.31413,11.7319699,33.525106813241564,2.9587838342665,25,Jahm,rve_385,377000000.0,2.3e-06
rve_390/sim_0/results__thermal_conductivity.json,0.4276,0.5724,2.1594e-05,9.3397e-06,9.7643e-06,5.1109e-06,0.039098,0.40802,0.55288,9.23268269,33.525106813241564,2.9587838342665,25,Jahm,rve_390,377000000.0,2.3e-06
rve_391/sim_0/results__thermal_conductivity.json,0.68417,0.31583,1.2547999999999999e-05,2.5957999999999998e-05,6.5452000000000005e-06,1.2237e-05,0.66443,0.30628,0.029286,19.0644671,33.525106813241564,2.9587838342665,25,Jahm,rve_391,377000000.0,2.3e-06
rve_392/sim_0/results__thermal_conductivity.json,0.6796,0.3204,1.9682e-05,7.4117e-06,9.343299999999999e-06,4.5636e-06,0.20345,0.48013,0.31642,17.1187859,33.525106813241564,2.9587838342665,25,Jahm,rve_392,377000000.0,2.3e-06
rve_393/sim_0/results__thermal_conductivity.json,0.78713,0.21287,2.2664999999999997e-05,8.4082e-06,1.0946e-05,4.996e-06,0.32408,0.50728,0.16864,21.3030389,33.525106813241564,2.9587838342665,25,Jahm,rve_393,377000000.0,2.3e-06
rve_395/sim_0/results__thermal_conductivity.json,0.11533,0.88467,9.317399999999998e-06,1.4509999999999998e-05,5.3686e-06,7.2613e-06,0.029412,0.27691,0.69367,4.19667826,33.525106813241564,2.9587838342665,25,Jahm,rve_395,377000000.0,2.3e-06
rve_396/sim_0/results__thermal_conductivity.json,0.057438,0.94256,8.204e-06,1.156e-05,4.0679e-06,5.4642999999999995e-06,0.0062026,0.14748,0.84631,3.43530736,33.525106813241564,2.9587838342665,25,Jahm,rve_396,377000000.0,2.3e-06
rve_397/sim_0/results__thermal_conductivity.json,0.51795,0.48205,1.0735e-05,1.2654999999999998e-05,5.0917e-06,5.8047000000000005e-06,0.33137,0.45251,0.21612,12.4089392,33.525106813241564,2.9587838342665,25,Jahm,rve_397,377000000.0,2.3e-06
rve_398/sim_0/results__thermal_conductivity.json,0.20012,0.79988,7.4848e-06,1.6624e-05,4.6886e-06,8.0722e-06,0.16911,0.3752,0.45568,5.58030128,33.525106813241564,2.9587838342665,25,Jahm,rve_398,377000000.0,2.3e-06
rve_400/sim_0/results__thermal_conductivity.json,0.82423,0.17577,1.4791e-05,1.0952999999999998e-05,7.1429e-06,5.6317e-06,0.60459,0.34297,0.052438,23.3121734,33.525106813241564,2.9587838342665,25,Jahm,rve_400,377000000.0,2.3e-06
rve_401/sim_0/results__thermal_conductivity.json,0.66552,0.33448,1.3324e-05,1.5067999999999999e-05,6.3711e-06,7.0026e-06,0.47152,0.4405,0.087986,17.3518447,33.525106813241564,2.9587838342665,25,Jahm,rve_401,377000000.0,2.3e-06
rve_402/sim_0/results__thermal_conductivity.json,0.73768,0.26232,3.7149e-05,8.3217e-06,1.5572e-05,5.7659999999999995e-06,0.15132,0.46037,0.38831,19.0812219,33.525106813241564,2.9587838342665,25,Jahm,rve_402,377000000.0,2.3e-06
rve_404/sim_0/results__thermal_conductivity.json,0.28166,0.71834,9.1231e-06,1.4961999999999998e-05,4.8761e-06,6.9621e-06,0.1564,0.4741,0.36949,6.604832,33.525106813241564,2.9587838342665,25,Jahm,rve_404,377000000.0,2.3e-06
rve_405/sim_0/results__thermal_conductivity.json,0.24719,0.75281,8.7662e-06,1.4429e-05,5.0468e-06,7.048e-06,0.12829,0.44686,0.42485,6.38773897,33.525106813241564,2.9587838342665,25,Jahm,rve_405,377000000.0,2.3e-06
rve_406/sim_0/results__thermal_conductivity.json,0.21348,0.78652,8.059699999999998e-06,1.2637e-05,4.2049e-06,6.2186999999999994e-06,0.09466,0.40981,0.49553,5.82895417,33.525106813241564,2.9587838342665,25,Jahm,rve_406,377000000.0,2.3e-06
rve_407/sim_0/results__thermal_conductivity.json,0.73144,0.26856,5.0622e-05,9.209199999999998e-06,1.3978999999999998e-05,5.902199999999999e-06,,0.52984,0.47016,21.1794122,33.525106813241564,2.9587838342665,25,Jahm,rve_407,377000000.0,2.3e-06
rve_408/sim_0/results__thermal_conductivity.json,0.38908,0.61092,2.014e-05,1.1703e-05,9.901300000000001e-06,6.2933e-06,0.089616,0.36131,0.54908,8.69341743,33.525106813241564,2.9587838342665,25,Jahm,rve_408,377000000.0,2.3e-06
rve_409/sim_0/results__thermal_conductivity.json,0.16961,0.83039,7.1523999999999995e-06,2.6102e-05,4.746e-06,1.2385999999999998e-05,0.20176,0.45185,0.34639,5.27381835,33.525106813241564,2.9587838342665,25,Jahm,rve_409,377000000.0,2.3e-06
rve_410/sim_0/results__thermal_conductivity.json,0.74229,0.25771,1.168e-05,9.462300000000001e-06,5.461e-06,4.4847e-06,0.51502,0.37534,0.10964,19.6151074,33.525106813241564,2.9587838342665,25,Jahm,rve_410,377000000.0,2.3e-06
rve_411/sim_0/results__thermal_conductivity.json,0.69738,0.30262,3.0504999999999997e-05,8.487199999999999e-06,1.3279e-05,5.3132e-06,0.164,0.4524,0.3836,18.2955765,33.525106813241564,2.9587838342665,25,Jahm,rve_411,377000000.0,2.3e-06
rve_412/sim_0/results__thermal_conductivity.json,0.50582,0.49418,1.3941000000000001e-05,1.5930999999999997e-05,6.932e-06,7.2224e-06,0.25756,0.56288,0.17956,12.3141494,33.525106813241564,2.9587838342665,25,Jahm,rve_412,377000000.0,2.3e-06
rve_413/sim_0/results__thermal_conductivity.json,0.5024,0.4976,9.755699999999999e-06,3.1584e-05,5.8185e-06,1.3268e-05,0.56118,0.40763,0.031193,13.4280052,33.525106813241564,2.9587838342665,25,Jahm,rve_413,377000000.0,2.3e-06
rve_414/sim_0/results__thermal_conductivity.json,0.080444,0.91956,1.0408e-05,1.2506999999999999e-05,5.2399e-06,5.974899999999999e-06,0.0022534,0.18678,0.81097,3.64671702,33.525106813241564,2.9587838342665,25,Jahm,rve_414,377000000.0,2.3e-06
rve_415/sim_0/results__thermal_conductivity.json,0.47766,0.52234,9.7585e-06,1.5097e-05,4.9347e-06,7.023299999999999e-06,0.32984,0.51363,0.15652,11.8755705,33.525106813241564,2.9587838342665,25,Jahm,rve_415,377000000.0,2.3e-06
rve_416/sim_0/results__thermal_conductivity.json,0.13551,0.86449,6.6766e-06,1.2438e-05,3.5948999999999997e-06,5.9144e-06,0.050452,0.35656,0.59299,4.46998521,33.525106813241564,2.9587838342665,25,Jahm,rve_416,377000000.0,2.3e-06
rve_417/sim_0/results__thermal_conductivity.json,0.21385,0.78615,7.9397e-06,1.7497e-05,4.906399999999999e-06,8.4734e-06,0.14827,0.45444,0.39728,5.96015798,33.525106813241564,2.9587838342665,25,Jahm,rve_417,377000000.0,2.3e-06
rve_418/sim_0/results__thermal_conductivity.json,0.42894,0.57106,8.1715e-06,2.711e-05,4.8875e-06,1.3004e-05,0.52463,0.37742,0.097952,11.3370002,33.525106813241564,2.9587838342665,25,Jahm,rve_418,377000000.0,2.3e-06
rve_419/sim_0/results__thermal_conductivity.json,0.097176,0.90282,5.442199999999999e-06,1.5127e-05,3.6404999999999997e-06,7.478399999999999e-06,0.079969,0.30257,0.61746,3.9767578,33.525106813241564,2.9587838342665,25,Jahm,rve_419,377000000.0,2.3e-06
rve_420/sim_0/results__thermal_conductivity.json,0.17737,0.82263,1.5728999999999998e-05,1.4965999999999999e-05,7.5778e-06,7.322199999999999e-06,0.019656,0.30037,0.67998,4.88199758,33.525106813241564,2.9587838342665,25,Jahm,rve_420,377000000.0,2.3e-06
rve_422/sim_0/results__thermal_conductivity.json,0.79063,0.20937,2.2582999999999997e-05,7.7171e-06,1.0861e-05,5.2577e-06,0.35831,0.40903,0.23266,21.7714184,33.525106813241564,2.9587838342665,25,Jahm,rve_422,377000000.0,2.3e-06
rve_423/sim_0/results__thermal_conductivity.json,0.79551,0.20449,1.0763e-05,1.2954e-05,5.316299999999999e-06,5.7912e-06,0.67294,0.30256,0.024495,21.8005286,33.525106813241564,2.9587838342665,25,Jahm,rve_423,377000000.0,2.3e-06
rve_424/sim_0/results__thermal_conductivity.json,0.73215,0.26785,1.4255e-05,7.6101999999999996e-06,7.0492999999999996e-06,4.4246e-06,0.37165,0.44382,0.18453,19.1685504,33.525106813241564,2.9587838342665,25,Jahm,rve_424,377000000.0,2.3e-06
rve_425/sim_0/results__thermal_conductivity.json,0.78729,0.21271,1.3162e-05,1.3335999999999999e-05,6.1768e-06,6.246e-06,0.62245,0.3362,0.041353,21.2407947,33.525106813241564,2.9587838342665,25,Jahm,rve_425,377000000.0,2.3e-06
rve_426/sim_0/results__thermal_conductivity.json,0.88081,0.11919,1.3396e-05,1.2294e-05,6.2202999999999996e-06,5.8426e-06,0.75836,0.22816,0.013484,25.3068088,33.525106813241564,2.9587838342665,25,Jahm,rve_426,377000000.0,2.3e-06
rve_427/sim_0/results__thermal_conductivity.json,0.36655,0.63345,1.2137e-05,1.5361e-05,6.2464e-06,7.2653e-06,0.16866,0.50484,0.3265,8.92574009,33.525106813241564,2.9587838342665,25,Jahm,rve_427,377000000.0,2.3e-06
rve_428/sim_0/results__thermal_conductivity.json,0.17974,0.82026,8.9323e-06,1.3612e-05,4.6404e-06,6.3498e-06,0.066819,0.367,0.56619,5.14851672,33.525106813241564,2.9587838342665,25,Jahm,rve_428,377000000.0,2.3e-06
rve_429/sim_0/results__thermal_conductivity.json,0.71158,0.28842,2.0454e-05,7.877e-06,9.6184e-06,4.6345e-06,0.2671,0.44128,0.29162,18.3370765,33.525106813241564,2.9587838342665,25,Jahm,rve_429,377000000.0,2.3e-06
rve_430/sim_0/results__thermal_conductivity.json,0.59849,0.40151,1.1404e-05,1.1523999999999998e-05,5.529899999999999e-06,5.363699999999999e-06,0.34809,0.50326,0.14865,14.9867916,33.525106813241564,2.9587838342665,25,Jahm,rve_430,377000000.0,2.3e-06
rve_431/sim_0/results__thermal_conductivity.json,0.43842,0.56158,1.0357e-05,1.1083e-05,5.058099999999999e-06,5.1786e-06,0.19142,0.52592,0.28265,10.2485386,33.525106813241564,2.9587838342665,25,Jahm,rve_431,377000000.0,2.3e-06
rve_432/sim_0/results__thermal_conductivity.json,0.37435,0.62565,1.4699e-05,1.5297e-05,7.224199999999999e-06,7.6423e-06,0.15727,0.45248,0.39025,9.24551654,33.525106813241564,2.9587838342665,25,Jahm,rve_432,377000000.0,2.3e-06
rve_433/sim_0/results__thermal_conductivity.json,0.10332,0.89668,9.1027e-06,1.1788999999999998e-05,4.513499999999999e-06,5.511e-06,0.018148,0.22662,0.75523,3.94088905,33.525106813241564,2.9587838342665,25,Jahm,rve_433,377000000.0,2.3e-06
rve_434/sim_0/results__thermal_conductivity.json,0.19775,0.80225,9.1088e-06,1.6185e-05,4.9781e-06,7.784199999999999e-06,0.10905,0.39052,0.50043,5.33525061,33.525106813241564,2.9587838342665,25,Jahm,rve_434,377000000.0,2.3e-06
rve_435/sim_0/results__thermal_conductivity.json,0.3428,0.6572,1.4382999999999998e-05,9.6898e-06,6.2422999999999995e-06,4.7275999999999994e-06,0.079947,0.36243,0.55763,7.39480521,33.525106813241564,2.9587838342665,25,Jahm,rve_435,377000000.0,2.3e-06
rve_436/sim_0/results__thermal_conductivity.json,0.52609,0.47391,1.4053e-05,1.1859999999999998e-05,6.5987e-06,5.831599999999999e-06,0.22082,0.52629,0.25289,12.833352,33.525106813241564,2.9587838342665,25,Jahm,rve_436,377000000.0,2.3e-06
rve_437/sim_0/results__thermal_conductivity.json,0.374,0.626,8.008699999999998e-06,2.1493e-05,4.8978e-06,1.015e-05,0.4088,0.4147,0.1765,8.79786483,33.525106813241564,2.9587838342665,25,Jahm,rve_437,377000000.0,2.3e-06
rve_438/sim_0/results__thermal_conductivity.json,0.67725,0.32275,1.639e-05,7.450899999999999e-06,7.7627e-06,4.3030999999999995e-06,0.28221,0.41657,0.30123,15.9342465,33.525106813241564,2.9587838342665,25,Jahm,rve_438,377000000.0,2.3e-06
rve_439/sim_0/results__thermal_conductivity.json,0.37051,0.62949,1.8092999999999998e-05,9.063e-06,8.437799999999999e-06,4.6497e-06,0.046391,0.36343,0.59018,7.70242638,33.525106813241564,2.9587838342665,25,Jahm,rve_439,377000000.0,2.3e-06
rve_440/sim_0/results__thermal_conductivity.json,0.86379,0.13621,1.222e-05,9.9925e-06,5.624399999999999e-06,4.7838e-06,0.69522,0.28716,0.017616,24.4064985,33.525106813241564,2.9587838342665,25,Jahm,rve_440,377000000.0,2.3e-06
rve_441/sim_0/results__thermal_conductivity.json,0.53412,0.46588,2.1018e-05,1.0218999999999998e-05,9.2191e-06,5.447899999999999e-06,0.12693,0.46189,0.41117,12.1065004,33.525106813241564,2.9587838342665,25,Jahm,rve_441,377000000.0,2.3e-06
rve_443/sim_0/results__thermal_conductivity.json,0.65088,0.34912,9.507099999999999e-06,1.7201e-05,4.6630999999999995e-06,7.747899999999999e-06,0.59005,0.36343,0.046517,17.0490819,33.525106813241564,2.9587838342665,25,Jahm,rve_443,377000000.0,2.3e-06
rve_444/sim_0/results__thermal_conductivity.json,0.51815,0.48185,1.6173e-05,1.0606999999999999e-05,7.423e-06,5.474999999999999e-06,0.17568,0.47532,0.349,12.1860233,33.525106813241564,2.9587838342665,25,Jahm,rve_444,377000000.0,2.3e-06
rve_445/sim_0/results__thermal_conductivity.json,0.8942,0.1058,1.2249e-05,8.6645e-06,5.7001e-06,4.3737999999999995e-06,0.73526,0.24206,0.022678,25.4024625,33.525106813241564,2.9587838342665,25,Jahm,rve_445,377000000.0,2.3e-06
rve_446/sim_0/results__thermal_conductivity.json,0.64306,0.35694,1.3164999999999998e-05,1.6499999999999998e-05,6.4835e-06,7.5506999999999996e-06,0.47055,0.44457,0.084873,16.9249963,33.525106813241564,2.9587838342665,25,Jahm,rve_446,377000000.0,2.3e-06
rve_447/sim_0/results__thermal_conductivity.json,0.29221,0.70779,8.443899999999999e-06,3.4999e-05,5.4147e-06,1.5765e-05,0.42078,0.42078,0.15844,7.66767892,33.525106813241564,2.9587838342665,25,Jahm,rve_447,377000000.0,2.3e-06
rve_449/sim_0/results__thermal_conductivity.json,0.3651,0.6349,7.9367e-06,3.2962e-05,4.992499999999999e-06,1.5438e-05,0.50826,0.39289,0.098846,9.5135525,33.525106813241564,2.9587838342665,25,Jahm,rve_449,377000000.0,2.3e-06
rve_450/sim_0/results__thermal_conductivity.json,0.56031,0.43969,1.5849e-05,1.1887e-05,7.6956e-06,5.9713e-06,0.21507,0.54484,0.24009,13.7488876,33.525106813241564,2.9587838342665,25,Jahm,rve_450,377000000.0,2.3e-06
rve_451/sim_0/results__thermal_conductivity.json,0.66125,0.33875,2.1057999999999997e-05,1.0406e-05,9.7455e-06,5.8188e-06,0.22081,0.54088,0.23831,16.5392569,33.525106813241564,2.9587838342665,25,Jahm,rve_451,377000000.0,2.3e-06
rve_452/sim_0/results__thermal_conductivity.json,0.39522,0.60478,8.6363e-06,1.9494e-05,4.9602e-06,9.1507e-06,0.35798,0.47589,0.16614,10.007654,33.525106813241564,2.9587838342665,25,Jahm,rve_452,377000000.0,2.3e-06
rve_453/sim_0/results__thermal_conductivity.json,0.034542,0.96546,6.8381e-06,1.262e-05,3.7327e-06,6.118999999999999e-06,0.0027445,0.11776,0.87949,3.25409139,33.525106813241564,2.9587838342665,25,Jahm,rve_453,377000000.0,2.3e-06
rve_454/sim_0/results__thermal_conductivity.json,0.48973,0.51027,9.4167e-06,2.7449e-05,5.483799999999999e-06,1.2074999999999999e-05,0.56712,0.3432,0.089681,12.7022383,33.525106813241564,2.9587838342665,25,Jahm,rve_454,377000000.0,2.3e-06
rve_455/sim_0/results__thermal_conductivity.json,0.80514,0.19486,2.2594999999999996e-05,8.3436e-06,1.1401999999999999e-05,5.4084e-06,0.38307,0.4456,0.17133,22.3554232,33.525106813241564,2.9587838342665,25,Jahm,rve_455,377000000.0,2.3e-06
rve_456/sim_0/results__thermal_conductivity.json,0.61953,0.38047,1.3718999999999999e-05,9.972699999999999e-06,6.1901e-06,4.8638e-06,0.30816,0.47214,0.2197,15.4790489,33.525106813241564,2.9587838342665,25,Jahm,rve_456,377000000.0,2.3e-06
rve_457/sim_0/results__thermal_conductivity.json,0.11288,0.88712,8.7464e-06,1.3182e-05,4.2886e-06,6.0677e-06,0.026643,0.26694,0.70642,4.06211568,33.525106813241564,2.9587838342665,25,Jahm,rve_457,377000000.0,2.3e-06
rve_458/sim_0/results__thermal_conductivity.json,0.9582,0.041798,1.0361e-05,1.7289e-05,4.9248e-06,7.1725e-06,0.9481,0.051898,,27.7158592,33.525106813241564,2.9587838342665,25,Jahm,rve_458,377000000.0,2.3e-06
rve_459/sim_0/results__thermal_conductivity.json,0.28039,0.71961,1.2506999999999999e-05,1.4849999999999998e-05,6.0486e-06,7.0349e-06,0.083214,0.47059,0.4462,6.59709627,33.525106813241564,2.9587838342665,25,Jahm,rve_459,377000000.0,2.3e-06
rve_460/sim_0/results__thermal_conductivity.json,0.46324,0.53676,1.0829e-05,1.0298999999999999e-05,5.0152e-06,4.8622e-06,0.20626,0.49057,0.30317,10.7790665,33.525106813241564,2.9587838342665,25,Jahm,rve_460,377000000.0,2.3e-06
rve_461/sim_0/results__thermal_conductivity.json,0.12846,0.87154,6.565e-06,1.6800999999999997e-05,4.4583999999999995e-06,8.2956e-06,0.10567,0.33609,0.55825,4.42276382,33.525106813241564,2.9587838342665,25,Jahm,rve_461,377000000.0,2.3e-06
rve_462/sim_0/results__thermal_conductivity.json,0.74847,0.25153,2.1783e-05,8.6013e-06,1.0327e-05,5.4603e-06,0.3154,0.45213,0.23247,19.9224983,33.525106813241564,2.9587838342665,25,Jahm,rve_462,377000000.0,2.3e-06
rve_463/sim_0/results__thermal_conductivity.json,0.23997,0.76003,7.8835e-06,2.0546e-05,5.001299999999999e-06,1.0048e-05,0.25747,0.38696,0.35557,6.06670086,33.525106813241564,2.9587838342665,25,Jahm,rve_463,377000000.0,2.3e-06
rve_464/sim_0/results__thermal_conductivity.json,0.3121,0.6879,9.5946e-06,1.6905e-05,5.266799999999999e-06,8.1934e-06,0.21766,0.45641,0.32593,7.68771668,33.525106813241564,2.9587838342665,25,Jahm,rve_464,377000000.0,2.3e-06
rve_465/sim_0/results__thermal_conductivity.json,0.74116,0.25884,1.4704999999999999e-05,9.8968e-06,7.2736999999999995e-06,5.3312e-06,0.45616,0.40276,0.14107,20.0416493,33.525106813241564,2.9587838342665,25,Jahm,rve_465,377000000.0,2.3e-06
rve_466/sim_0/results__thermal_conductivity.json,0.68807,0.31193,1.5291e-05,1.0385999999999998e-05,7.2221e-06,5.355299999999999e-06,0.35693,0.48712,0.15595,17.8729331,33.525106813241564,2.9587838342665,25,Jahm,rve_466,377000000.0,2.3e-06
rve_467/sim_0/results__thermal_conductivity.json,0.3144,0.6856,1.2077e-05,1.5788999999999997e-05,6.1271e-06,7.1938000000000005e-06,0.16403,0.42179,0.41418,7.42880745,33.525106813241564,2.9587838342665,25,Jahm,rve_467,377000000.0,2.3e-06
rve_468/sim_0/results__thermal_conductivity.json,0.073292,0.92671,1.2682999999999999e-05,1.3307e-05,5.8783e-06,6.1855e-06,0.00053952,0.15214,0.84732,3.56768525,33.525106813241564,2.9587838342665,25,Jahm,rve_468,377000000.0,2.3e-06
rve_469/sim_0/results__thermal_conductivity.json,0.11679,0.88321,1.0293e-05,1.1122e-05,4.7068e-06,5.2393e-06,0.017709,0.2152,0.76709,4.03800057,33.525106813241564,2.9587838342665,25,Jahm,rve_469,377000000.0,2.3e-06
rve_470/sim_0/results__thermal_conductivity.json,0.77415,0.22585,1.6254e-05,1.2185e-05,7.9513e-06,6.2587e-06,0.50599,0.42545,0.068552,21.2939559,33.525106813241564,2.9587838342665,25,Jahm,rve_470,377000000.0,2.3e-06
rve_471/sim_0/results__thermal_conductivity.json,0.25156,0.74844,1.1794e-05,1.0535e-05,5.474999999999999e-06,4.9256e-06,0.049119,0.36476,0.58612,6.02301479,33.525106813241564,2.9587838342665,25,Jahm,rve_471,377000000.0,2.3e-06
rve_472/sim_0/results__thermal_conductivity.json,0.63939,0.36061,1.4821999999999998e-05,8.1586e-06,6.9194999999999996e-06,4.2601e-06,0.2401,0.50675,0.25314,15.5628733,33.525106813241564,2.9587838342665,25,Jahm,rve_472,377000000.0,2.3e-06
rve_473/sim_0/results__thermal_conductivity.json,0.29116,0.70884,7.2342999999999995e-06,1.9937999999999998e-05,4.5533e-06,9.430199999999998e-06,0.31287,0.43861,0.24853,7.52745125,33.525106813241564,2.9587838342665,25,Jahm,rve_473,377000000.0,2.3e-06
rve_481/sim_0/results__thermal_conductivity.json,0.58691,0.41309,1.3853e-05,9.862500000000001e-06,6.544699999999999e-06,5.0686e-06,0.25416,0.49481,0.25103,14.259962,33.525106813241564,2.9587838342665,25,Jahm,rve_481,377000000.0,2.3e-06
rve_482/sim_0/results__thermal_conductivity.json,0.97537,0.024632,1.3678e-05,5.727299999999999e-06,6.859e-06,3.6389e-06,0.88748,0.11252,,29.1126204,33.525106813241564,2.9587838342665,25,Jahm,rve_482,377000000.0,2.3e-06
rve_483/sim_0/results__thermal_conductivity.json,0.6513,0.3487,1.057e-05,1.4896e-05,5.129699999999999e-06,6.7899e-06,0.51616,0.41417,0.069667,17.0318819,33.525106813241564,2.9587838342665,25,Jahm,rve_483,377000000.0,2.3e-06
rve_484/sim_0/results__thermal_conductivity.json,0.81849,0.18151,1.1207e-05,8.47e-06,5.2871e-06,4.1321e-06,0.6062,0.33563,0.058165,22.1828022,33.525106813241564,2.9587838342665,25,Jahm,rve_484,377000000.0,2.3e-06
rve_485/sim_0/results__thermal_conductivity.json,0.22588,0.77412,7.37e-06,2.1133999999999998e-05,4.6348e-06,1.008e-05,0.22142,0.4736,0.30498,5.96112733,33.525106813241564,2.9587838342665,25,Jahm,rve_485,377000000.0,2.3e-06
rve_486/sim_0/results__thermal_conductivity.json,0.17568,0.82432,8.9163e-06,1.4941e-05,4.873599999999999e-06,7.3841e-06,0.073913,0.37826,0.54783,5.05859932,33.525106813241564,2.9587838342665,25,Jahm,rve_486,377000000.0,2.3e-06
rve_487/sim_0/results__thermal_conductivity.json,0.056728,0.94327,5.6639999999999995e-06,1.1224999999999998e-05,3.3168e-06,5.4870999999999995e-06,0.0119,0.18866,0.79944,3.49459592,33.525106813241564,2.9587838342665,25,Jahm,rve_487,377000000.0,2.3e-06
rve_489/sim_0/results__thermal_conductivity.json,0.26825,0.73175,1.0324e-05,1.3970999999999999e-05,5.1478999999999995e-06,6.5002e-06,0.097352,0.46937,0.43328,6.43324674,33.525106813241564,2.9587838342665,25,Jahm,rve_489,377000000.0,2.3e-06
rve_491/sim_0/results__thermal_conductivity.json,0.54235,0.45765,1.8528999999999998e-05,1.1485e-05,8.244599999999999e-06,6.144499999999999e-06,0.15793,0.53506,0.30701,13.2899772,33.525106813241564,2.9587838342665,25,Jahm,rve_491,377000000.0,2.3e-06
rve_492/sim_0/results__thermal_conductivity.json,0.43707,0.56293,1.3068e-05,1.0804e-05,6.0643e-06,5.2394999999999996e-06,0.16072,0.45792,0.38136,9.53329811,33.525106813241564,2.9587838342665,25,Jahm,rve_492,377000000.0,2.3e-06
rve_494/sim_0/results__thermal_conductivity.json,0.52781,0.47219,1.2717e-05,8.8477e-06,5.8522e-06,4.4771e-06,0.20605,0.46184,0.33212,12.7153649,33.525106813241564,2.9587838342665,25,Jahm,rve_494,377000000.0,2.3e-06
rve_495/sim_0/results__thermal_conductivity.json,0.21233,0.78767,8.065e-06,1.2732e-05,4.166999999999999e-06,6.1302e-06,0.099908,0.3964,0.50369,5.57450615,33.525106813241564,2.9587838342665,25,Jahm,rve_495,377000000.0,2.3e-06
rve_496/sim_0/results__thermal_conductivity.json,0.75497,0.24503,1.7187e-05,1.0392e-05,8.6613e-06,5.615e-06,0.4259,0.44699,0.12711,20.8636029,33.525106813241564,2.9587838342665,25,Jahm,rve_496,377000000.0,2.3e-06
rve_497/sim_0/results__thermal_conductivity.json,0.80867,0.19133,1.421e-05,2.9306999999999996e-05,7.1600999999999994e-06,1.223e-05,0.79551,0.20449,,23.2721975,33.525106813241564,2.9587838342665,25,Jahm,rve_497,377000000.0,2.3e-06
rve_498/sim_0/results__thermal_conductivity.json,0.53877,0.46123,9.577299999999999e-06,1.6056e-05,4.8971999999999995e-06,7.2156e-06,0.44556,0.43455,0.11989,13.3846604,33.525106813241564,2.9587838342665,25,Jahm,rve_498,377000000.0,2.3e-06
rve_499/sim_0/results__thermal_conductivity.json,0.52686,0.47314,1.2611e-05,8.7782e-06,5.928e-06,4.5391e-06,0.19524,0.48362,0.32114,11.8459788,33.525106813241564,2.9587838342665,25,Jahm,rve_499,377000000.0,2.3e-06
